/*
SQLyog Ultimate v13.1.1 (64 bit)
MySQL - 5.7.32-log : Database - jehc-cloud-oauth
*********************************************************************
*/

/*!40101 SET NAMES utf8 */;

/*!40101 SET SQL_MODE=''*/;

/*!40014 SET @OLD_UNIQUE_CHECKS=@@UNIQUE_CHECKS, UNIQUE_CHECKS=0 */;
/*!40014 SET @OLD_FOREIGN_KEY_CHECKS=@@FOREIGN_KEY_CHECKS, FOREIGN_KEY_CHECKS=0 */;
/*!40101 SET @OLD_SQL_MODE=@@SQL_MODE, SQL_MODE='NO_AUTO_VALUE_ON_ZERO' */;
/*!40111 SET @OLD_SQL_NOTES=@@SQL_NOTES, SQL_NOTES=0 */;
CREATE DATABASE /*!32312 IF NOT EXISTS*/`jehc-cloud-oauth` /*!40100 DEFAULT CHARACTER SET utf8 */;

USE `jehc-cloud-oauth`;

/*Table structure for table `oauth_account` */

DROP TABLE IF EXISTS `oauth_account`;

CREATE TABLE `oauth_account` (
  `account_id` varchar(32) NOT NULL COMMENT '账号ID与UserID一致',
  `account` varchar(32) NOT NULL COMMENT '登录账户',
  `password` varchar(64) NOT NULL,
  `name` varchar(32) DEFAULT NULL COMMENT '姓名',
  `account_type_id` varchar(4000) NOT NULL DEFAULT '' COMMENT '账号类型外键（多个逗号分隔）',
  `status` int(2) NOT NULL DEFAULT '0' COMMENT '状态0正常1锁定2禁用',
  `email` varchar(32) DEFAULT NULL COMMENT '电子邮件',
  `create_time` datetime DEFAULT NULL COMMENT '创建时间',
  `update_time` datetime DEFAULT NULL COMMENT '最后修改时间',
  `last_login_time` datetime DEFAULT NULL COMMENT '最后一次登录时间',
  `info_body` text COMMENT '对象信息如：会员的对象json格式存储',
  `create_id` varchar(32) DEFAULT NULL COMMENT '创建人id',
  `update_id` varchar(32) DEFAULT NULL COMMENT '修改人id',
  `del_flag` int(2) DEFAULT '0' COMMENT '删除标记：0正常1已删除',
  PRIMARY KEY (`account_id`)
) ENGINE=InnoDB DEFAULT CHARSET=utf8 COMMENT='授权中心账号管理';

/*Data for the table `oauth_account` */

insert  into `oauth_account`(`account_id`,`account`,`password`,`name`,`account_type_id`,`status`,`email`,`create_time`,`update_time`,`last_login_time`,`info_body`,`create_id`,`update_id`,`del_flag`) values 
('01F17C35084F4F76B32E8CB969B52597','xiaoshi1','E10ADC3949BA59ABBE56E057F20F883E','Z小姐','7E59967EE986405995231C738590765B,A5F8916AFA224A578D5F55E5F46D3688,320BA6B9997D4A1C8AE06BCA82932E7E,5BEF4A3813934B95B8F518711021610B,978A4D02381F48B9A09EF5B3099D6107,CAB3409D6D90407BAE2D36FF3AED51EF',0,'','2021-03-14 11:08:07','2023-04-21 15:53:05','2022-05-31 17:53:34',NULL,NULL,NULL,0),
('06812B86BCA643888E6829735A9A0099','xiaoshi2','E10ADC3949BA59ABBE56E057F20F883E','C先生','978A4D02381F48B9A09EF5B3099D6107',0,'',NULL,'2021-09-12 15:25:15',NULL,NULL,NULL,NULL,0),
('06e4075e00a841c8a14fef92e0e007f6','oauth','E10ADC3949BA59ABBE56E057F20F883E','授权中心管理员','7E59967EE986405995231C738590765B,978A4D02381F48B9A09EF5B3099D6107,A5F8916AFA224A578D5F55E5F46D3688,320BA6B9997D4A1C8AE06BCA82932E7E,5BEF4A3813934B95B8F518711021610B,CAB3409D6D90407BAE2D36FF3AED51EF',0,'','2020-06-29 15:04:19','2023-04-21 15:50:54','2023-05-23 17:01:20','',NULL,NULL,0),
('1B60B2F0963946A2B971AA7D1F0B6F75','job','E10ADC3949BA59ABBE56E057F20F883E','调度中心管理员','A5F8916AFA224A578D5F55E5F46D3688',0,'','2020-11-20 13:58:57','2020-11-20 13:58:57','2022-05-31 17:49:19',NULL,NULL,NULL,0),
('2898219BF33B4288B0B0E19360EB14B3','xiaoshi13','E10ADC3949BA59ABBE56E057F20F883E','L先生','320BA6B9997D4A1C8AE06BCA82932E7E,5BEF4A3813934B95B8F518711021610B,7E59967EE986405995231C738590765B,978A4D02381F48B9A09EF5B3099D6107,A5F8916AFA224A578D5F55E5F46D3688,CAB3409D6D90407BAE2D36FF3AED51EF',0,'',NULL,'2023-04-21 15:52:19',NULL,NULL,NULL,NULL,0),
('28A211F0B2494F809605AF2FDE6C5FC2','xiaoshi4','E10ADC3949BA59ABBE56E057F20F883E','X先生','320BA6B9997D4A1C8AE06BCA82932E7E,5BEF4A3813934B95B8F518711021610B,7E59967EE986405995231C738590765B,978A4D02381F48B9A09EF5B3099D6107,A5F8916AFA224A578D5F55E5F46D3688,CAB3409D6D90407BAE2D36FF3AED51EF',1,'',NULL,'2023-04-21 15:51:13',NULL,NULL,NULL,NULL,0),
('5DA20E391F494BC68DDBF5814B1167C6','xiaoshi5','E10ADC3949BA59ABBE56E057F20F883E','J先生','88DDE8AA1702417FAB1E53617B036325,978A4D02381F48B9A09EF5B3099D6107,DB430B318CFA4BBD99CA5199549D182C',0,'',NULL,'2021-09-17 13:16:34','2023-04-21 13:26:19',NULL,NULL,NULL,0),
('83103D21DF5E45E69FEFDC9BBB80A76F','bpmn','E10ADC3949BA59ABBE56E057F20F883E','工作流平台管理员','320BA6B9997D4A1C8AE06BCA82932E7E,5BEF4A3813934B95B8F518711021610B,7E59967EE986405995231C738590765B,978A4D02381F48B9A09EF5B3099D6107,A5F8916AFA224A578D5F55E5F46D3688,CAB3409D6D90407BAE2D36FF3AED51EF',0,'','2020-11-20 13:59:30','2023-04-21 15:52:10','2022-12-13 09:50:20',NULL,NULL,NULL,0),
('84A9294D28C74270B0BB6CFF7BBCB236','sys','E10ADC3949BA59ABBE56E057F20F883E','平台中心管理员','978A4D02381F48B9A09EF5B3099D6107',0,'','2020-11-20 14:00:02','2020-11-20 14:00:02','2022-09-27 17:15:07',NULL,NULL,NULL,0),
('B81355D30BC04AD4A63ADDB0407E540F','iot','E10ADC3949BA59ABBE56E057F20F883E','监控中心管理员','320BA6B9997D4A1C8AE06BCA82932E7E,7E59967EE986405995231C738590765B,978A4D02381F48B9A09EF5B3099D6107,A5F8916AFA224A578D5F55E5F46D3688,CAB3409D6D90407BAE2D36FF3AED51EF,5BEF4A3813934B95B8F518711021610B',0,'','2020-11-20 13:59:17','2023-04-21 15:51:57','2021-09-16 09:03:39',NULL,NULL,NULL,0),
('D05145C9D3B94D47A338D3E5815EC072','xiaoshi6','E10ADC3949BA59ABBE56E057F20F883E','M先生','482C51EB07E848E68DC54334F644F90E,978A4D02381F48B9A09EF5B3099D6107',0,'','2021-03-13 14:54:22','2021-03-13 14:54:22','2023-04-14 12:49:26','{\"account_type_id\":\"\",\"createBy\":\"\",\"create_id\":\"\",\"create_time\":null,\"delFlag\":0,\"del_flag\":0,\"item\":null,\"jehcimg_base_path_url\":\"\",\"jehcimg_base_url\":\"\",\"jehcsources_base_path_url\":\"\",\"jehcsources_base_url\":\"\",\"modifiedBy\":\"\",\"sessionId\":\"\",\"sync\":0,\"update_id\":\"\",\"update_time\":null,\"version\":0,\"xt_attachmentPath\":\"\",\"xt_company_id\":\"\",\"xt_departinfo_id\":\"3848895649C849689CD40B71A460A393\",\"xt_departinfo_name\":\"研发中心\",\"xt_post_id\":\"A4B40B1278FC4793BC7F4E8956521F48\",\"xt_post_name\":\"B2B商城负责人\",\"xt_userinfo_address\":\"\",\"xt_userinfo_birthday\":\"\",\"xt_userinfo_card\":\"\",\"xt_userinfo_contractTime\":\"\",\"xt_userinfo_email\":\"\",\"xt_userinfo_highestDegree\":\"\",\"xt_userinfo_id\":\"21911F73D94846AC9DAF2B2FE3785C8F\",\"xt_userinfo_image\":\"\",\"xt_userinfo_intime\":\"\",\"xt_userinfo_isAdmin\":0,\"xt_userinfo_isDelete\":0,\"xt_userinfo_ismarried\":\"7d06f2a9ee0b433998b8e25079befaf2\",\"xt_userinfo_mobile\":\"\",\"xt_userinfo_name\":\"mxy\",\"xt_userinfo_nation\":\"3ceae59b283b410b9d0bf61363cf569d\",\"xt_userinfo_origo\":\"\",\"xt_userinfo_ortherTel\":\"\",\"xt_userinfo_outTime\":\"\",\"xt_userinfo_passWord\":\"\",\"xt_userinfo_phone\":\"\",\"xt_userinfo_pic\":\"\",\"xt_userinfo_politicalStatus\":\"\",\"xt_userinfo_qq\":\"\",\"xt_userinfo_realName\":\"马旭阳\",\"xt_userinfo_remark\":\"\",\"xt_userinfo_schoolName\":\"\",\"xt_userinfo_sex\":\"775b7037a7d04b47a115a9011ef0d2dd\",\"xt_userinfo_state\":\"\",\"xt_userinfo_status\":0,\"xt_userinfo_workYear\":\"\"}',NULL,NULL,0),
('D19142B1BBE24DFEB1F0F5C3BF18F0F2','xiaoshi7','E10ADC3949BA59ABBE56E057F20F883E','J1先生','5BEF4A3813934B95B8F518711021610B,7E59967EE986405995231C738590765B,978A4D02381F48B9A09EF5B3099D6107,320BA6B9997D4A1C8AE06BCA82932E7E,A5F8916AFA224A578D5F55E5F46D3688,CAB3409D6D90407BAE2D36FF3AED51EF',0,'','2021-03-13 13:05:56','2023-04-21 15:50:25','2023-05-23 17:04:00','{\"account_type_id\":\"5BEF4A3813934B95B8F518711021610B,7E59967EE986405995231C738590765B,88DDE8AA1702417FAB1E53617B036325,978A4D02381F48B9A09EF5B3099D6107\",\"createBy\":\"\",\"create_id\":\"\",\"create_time\":null,\"delFlag\":0,\"del_flag\":0,\"item\":null,\"jehcimg_base_path_url\":\"\",\"jehcimg_base_url\":\"\",\"jehcsources_base_path_url\":\"\",\"jehcsources_base_url\":\"\",\"modifiedBy\":\"\",\"sessionId\":\"\",\"sync\":1,\"update_id\":\"\",\"update_time\":null,\"version\":0,\"xt_attachmentPath\":\"\",\"xt_company_id\":\"\",\"xt_departinfo_id\":\"3848895649C849689CD40B71A460A393\",\"xt_departinfo_name\":\"研发中心\",\"xt_post_id\":\"A4B40B1278FC4793BC7F4E8956521F48\",\"xt_post_name\":\"B2B商城负责人\",\"xt_userinfo_address\":\"江苏泗阳\",\"xt_userinfo_birthday\":\"2017-09-12\",\"xt_userinfo_card\":\"321323199106061521\",\"xt_userinfo_contractTime\":\"2017-12-22\",\"xt_userinfo_email\":\"hxtkdcj@163.com\",\"xt_userinfo_highestDegree\":\"ca20d29abc63483e9ffae7b8ac5ccfe8\",\"xt_userinfo_id\":\"D19142B1BBE24DFEB1F0F5C3BF18F0F2\",\"xt_userinfo_image\":\"\",\"xt_userinfo_intime\":\"2017-11-24\",\"xt_userinfo_isAdmin\":0,\"xt_userinfo_isDelete\":0,\"xt_userinfo_ismarried\":\"8b84461c3a7d464682dbc766e221d771\",\"xt_userinfo_mobile\":\"13611572774\",\"xt_userinfo_name\":\"dengj\",\"xt_userinfo_nation\":\"4199d51fa5ec4f14ad4b18de1d1e2ff6\",\"xt_userinfo_origo\":\"江苏泗阳\",\"xt_userinfo_ortherTel\":\"13611572774\",\"xt_userinfo_outTime\":\"2017-12-13\",\"xt_userinfo_passWord\":\"\",\"xt_userinfo_phone\":\"13611572774\",\"xt_userinfo_pic\":\"\",\"xt_userinfo_politicalStatus\":\"党员\",\"xt_userinfo_qq\":\"\",\"xt_userinfo_realName\":\"邓剑\",\"xt_userinfo_remark\":\"研发中心\",\"xt_userinfo_schoolName\":\"华东理科大学\",\"xt_userinfo_sex\":\"775b7037a7d04b47a115a9011ef0d2dd\",\"xt_userinfo_state\":\"536e70e391504053b339e255c40bee44\",\"xt_userinfo_status\":0,\"xt_userinfo_workYear\":\"82e99b5e57ac435ab1814bd3acf6c9c0\"}',NULL,NULL,0),
('DD2E1D3BFC1F4BC3BEBFE9E4BBEC5CD2','report','E10ADC3949BA59ABBE56E057F20F883E','报表管理员','CAB3409D6D90407BAE2D36FF3AED51EF',0,'',NULL,'2023-04-21 15:53:15','2021-09-09 09:03:22',NULL,NULL,NULL,0);

/*Table structure for table `oauth_account_role` */

DROP TABLE IF EXISTS `oauth_account_role`;

CREATE TABLE `oauth_account_role` (
  `account_role_id` varchar(32) NOT NULL,
  `role_id` varchar(32) NOT NULL COMMENT '角色ID外键',
  `account_id` varchar(32) NOT NULL COMMENT '账号ID外键',
  PRIMARY KEY (`account_role_id`)
) ENGINE=InnoDB DEFAULT CHARSET=utf8 COMMENT='授权中心账户对角色';

/*Data for the table `oauth_account_role` */

insert  into `oauth_account_role`(`account_role_id`,`role_id`,`account_id`) values 
('05D5377C55994CF9B016C4D2CFE3F5E6','5F1CBDC6E4D548FEAA9E107F0882392E','28A211F0B2494F809605AF2FDE6C5FC2'),
('091C5E3562DE47F6A5DCBAF7A6C453B6','E381967F7ED74927B1BEA38B39C2543D','D19142B1BBE24DFEB1F0F5C3BF18F0F2'),
('1E3403294E2544D9A1FF9347AE33994B','5F1CBDC6E4D548FEAA9E107F0882392E','D19142B1BBE24DFEB1F0F5C3BF18F0F2'),
('308A54875C0843CB88B2CA46CE78FCA2','5F1CBDC6E4D548FEAA9E107F0882392E','5F1CBDC6E4D548FEAA9E107F0882392E'),
('3752FFF49C0942559B657BA5E89B1FD2','45372F2A975E48EE9FA91680D65743B1','D19142B1BBE24DFEB1F0F5C3BF18F0F2'),
('439E72CBC6794114B6D7171861360377','C63BB170B64C40D08F4FB153C0487715','5DA20E391F494BC68DDBF5814B1167C6'),
('56B0E83B75D848788A9AF9C4393FBF7B','6BEDBD23A02345CBB1CA5BFFBD220FE5','5DA20E391F494BC68DDBF5814B1167C6'),
('586BAE1387AE48F1A1942D342B2498DC','C63BB170B64C40D08F4FB153C0487715','D19142B1BBE24DFEB1F0F5C3BF18F0F2'),
('78823B3AED03491DB17F65386BC69A99','7DFEB3AEED82470AA5B86C1CD0251A80','D19142B1BBE24DFEB1F0F5C3BF18F0F2'),
('837F061CB1664C9D9E41D4B49F11FFFB','B418B08FFF71424CB379F0935BBE5117','D19142B1BBE24DFEB1F0F5C3BF18F0F2'),
('929DB2F2B54A4DF787BD9DA02880E136','38A4F77E2DC0405EA1F8AC19FBE4F05D','38A4F77E2DC0405EA1F8AC19FBE4F05D'),
('AEEAD27F3F2D40549F797203640B6158','C63BB170B64C40D08F4FB153C0487715','D05145C9D3B94D47A338D3E5815EC072'),
('C1FBAEA02EDB4907A1D0E7763CCE577C','38A4F77E2DC0405EA1F8AC19FBE4F05D','D19142B1BBE24DFEB1F0F5C3BF18F0F2'),
('C6641FAFFD6E4752A6251BC134113D9F','3787CE256D064961BABD20178A5F9441','D19142B1BBE24DFEB1F0F5C3BF18F0F2'),
('C6A4A7E236FB40AD943710A8BD74E2F5','F5896443E07149EEB9C68F48BE1A8386','D19142B1BBE24DFEB1F0F5C3BF18F0F2'),
('C8AE086EFA8F402E9E6FE023C3F38BBD','FF0D594E22E14A699999473DF24838A6','D19142B1BBE24DFEB1F0F5C3BF18F0F2'),
('D3136B796CC44782939A684680C220C4','5F1CBDC6E4D548FEAA9E107F0882392E','5DA20E391F494BC68DDBF5814B1167C6'),
('E8C63A775ABD4D4891336C9F855870F0','BD05E23AE3E441499029DC336B447970','D19142B1BBE24DFEB1F0F5C3BF18F0F2'),
('F67ED9CAF54643E587442FF2C0E6513B','D494FEA289034A9F88C960004B0E3084','D19142B1BBE24DFEB1F0F5C3BF18F0F2');

/*Table structure for table `oauth_account_type` */

DROP TABLE IF EXISTS `oauth_account_type`;

CREATE TABLE `oauth_account_type` (
  `account_type_id` varchar(32) NOT NULL COMMENT '账户类型编号',
  `sys_mode_id` varchar(32) NOT NULL COMMENT '隶属平台',
  `title` varchar(255) NOT NULL COMMENT '标题',
  `keyname` varchar(64) NOT NULL COMMENT '键名称',
  `content` varchar(255) DEFAULT NULL COMMENT '描述',
  `status` int(2) DEFAULT NULL COMMENT '状态：0正常1删除',
  `create_id` varchar(32) DEFAULT NULL COMMENT '创建人id',
  `update_id` varchar(32) DEFAULT NULL COMMENT '修改人id',
  `del_flag` int(2) DEFAULT '0' COMMENT '删除标记：0正常1已删除',
  `create_time` datetime DEFAULT NULL COMMENT '创建时间',
  `update_time` datetime DEFAULT NULL COMMENT '修改时间',
  PRIMARY KEY (`account_type_id`)
) ENGINE=InnoDB DEFAULT CHARSET=utf8 COMMENT='账号类型';

/*Data for the table `oauth_account_type` */

insert  into `oauth_account_type`(`account_type_id`,`sys_mode_id`,`title`,`keyname`,`content`,`status`,`create_id`,`update_id`,`del_flag`,`create_time`,`update_time`) values 
('320BA6B9997D4A1C8AE06BCA82932E7E','E9FFF3DBED2B431D8ABA50BBD52EB71E','运管平台','OMP_KEY','',0,'06e4075e00a841c8a14fef92e0e007f6','06e4075e00a841c8a14fef92e0e007f6',0,'2022-07-01 13:52:26','2022-07-27 14:13:55'),
('5BEF4A3813934B95B8F518711021610B','EC6095990B9A400B8D7EFBA2D6E078A7','日志','LOGMode','日志中心',0,NULL,NULL,0,NULL,NULL),
('7E59967EE986405995231C738590765B','67F41ABE532D4D71A454BE9FF3C479F9','授权中心','JEHC_OAUTH','授权中心用户-----',0,NULL,NULL,0,NULL,NULL),
('978A4D02381F48B9A09EF5B3099D6107','AFD8BE4CCA1F4C5DBEDDAA8CB27A28CC','系统平台中心','JEHC_XT','平台中心用户',0,NULL,NULL,0,NULL,NULL),
('A5F8916AFA224A578D5F55E5F46D3688','AE76B840FE154BAD8EF76651B642EB8B','调度中心','JEHC_CLOUD_JOB','定时任务中心，管理员账户',0,NULL,NULL,0,NULL,NULL),
('CAB3409D6D90407BAE2D36FF3AED51EF','F387BA1B512B4AFF85C610B1FA3019AA','文件中心','FileMode','附件中心',0,NULL,NULL,0,NULL,NULL);

/*Table structure for table `oauth_admin` */

DROP TABLE IF EXISTS `oauth_admin`;

CREATE TABLE `oauth_admin` (
  `id` varchar(32) NOT NULL,
  `account_id` varchar(32) NOT NULL,
  `level` int(11) DEFAULT NULL COMMENT '级别：全平台管理员/子系统管理员',
  `create_id` varchar(32) DEFAULT NULL COMMENT '创建人id',
  `update_id` varchar(32) DEFAULT NULL COMMENT '修改人id',
  `del_flag` int(2) DEFAULT '0' COMMENT '删除标记：0正常1已删除',
  `create_time` datetime DEFAULT NULL COMMENT '创建时间',
  `update_time` datetime DEFAULT NULL COMMENT '修改时间',
  PRIMARY KEY (`id`)
) ENGINE=InnoDB DEFAULT CHARSET=utf8 COMMENT='管理员中心';

/*Data for the table `oauth_admin` */

insert  into `oauth_admin`(`id`,`account_id`,`level`,`create_id`,`update_id`,`del_flag`,`create_time`,`update_time`) values 
('0D28DF9CC1FA4365AF93F13AA17E16B9','84A9294D28C74270B0BB6CFF7BBCB236',2,NULL,NULL,0,NULL,NULL),
('4790C5682D784501A0991A9928E0951A','83103D21DF5E45E69FEFDC9BBB80A76F',2,NULL,NULL,0,NULL,NULL),
('989CA64854964B229DE5BAB278E14E24','B81355D30BC04AD4A63ADDB0407E540F',2,NULL,NULL,0,NULL,NULL),
('A3AB7B4F437F4948BDA5CC8810C27D4A','1B60B2F0963946A2B971AA7D1F0B6F75',2,NULL,NULL,0,NULL,NULL),
('A3F0864DEF214DAEA47F3F4EA89706A8','B81355D30BC04AD4A63ADDB0407E540F',2,NULL,NULL,0,NULL,NULL),
('BD53D698FEBE423DA7C70AF9FA8D3122','06e4075e00a841c8a14fef92e0e007f6',1,NULL,NULL,0,NULL,NULL),
('CD0C18617B134B9AA39ECEBACEDB7378','DD2E1D3BFC1F4BC3BEBFE9E4BBEC5CD2',2,NULL,NULL,0,NULL,NULL),
('D66CA9496BDB49FBA5BA7712DD11FCB2','01F17C35084F4F76B32E8CB969B52597',2,NULL,NULL,0,NULL,NULL);

/*Table structure for table `oauth_admin_sys` */

DROP TABLE IF EXISTS `oauth_admin_sys`;

CREATE TABLE `oauth_admin_sys` (
  `id` varchar(32) NOT NULL COMMENT '主键',
  `sysmode_id` varchar(32) NOT NULL COMMENT '子系统Id 外键',
  `admin_id` varchar(32) NOT NULL COMMENT '管理员ID 外键',
  PRIMARY KEY (`id`)
) ENGINE=InnoDB DEFAULT CHARSET=utf8 COMMENT='管理员拥有系统范围';

/*Data for the table `oauth_admin_sys` */

insert  into `oauth_admin_sys`(`id`,`sysmode_id`,`admin_id`) values 
('64A409AF845942E8A3D967C899380569','AE76B840FE154BAD8EF76651B642EB8B','A3AB7B4F437F4948BDA5CC8810C27D4A'),
('88B449DEA74C4C109B9CCC634E7CF9B3','AFD8BE4CCA1F4C5DBEDDAA8CB27A28CC','0D28DF9CC1FA4365AF93F13AA17E16B9'),
('AABB603DE4774C5288D5AD25D8CCABAC','67F41ABE532D4D71A454BE9FF3C479F9','BD53D698FEBE423DA7C70AF9FA8D3122');

/*Table structure for table `oauth_change_pwd` */

DROP TABLE IF EXISTS `oauth_change_pwd`;

CREATE TABLE `oauth_change_pwd` (
  `oauth_change_pwd_id` varchar(32) NOT NULL DEFAULT '' COMMENT '主键',
  `name` varchar(64) DEFAULT NULL COMMENT '姓名',
  `account` varchar(255) DEFAULT NULL COMMENT '账号',
  `sex` char(4) DEFAULT NULL COMMENT '性别',
  `phone` varchar(11) DEFAULT NULL COMMENT '手机号码',
  `mail` varchar(255) DEFAULT NULL COMMENT '邮箱地址',
  `address` varchar(255) DEFAULT NULL COMMENT '居住地址',
  `xt_attachment_id` varchar(32) DEFAULT NULL COMMENT '证件照片',
  `status` int(2) DEFAULT NULL COMMENT '状态：0待审核2审核通过1审核未通过',
  `create_time` datetime DEFAULT NULL COMMENT '创建时间',
  `update_time` datetime DEFAULT NULL COMMENT '修改时间',
  `create_id` varchar(32) DEFAULT NULL COMMENT '创建人id',
  `update_id` varchar(32) DEFAULT NULL COMMENT '修改人id',
  `del_flag` int(2) DEFAULT '0' COMMENT '删除标记：0正常1已删除',
  PRIMARY KEY (`oauth_change_pwd_id`)
) ENGINE=InnoDB DEFAULT CHARSET=utf8 COMMENT='密码找回中心';

/*Data for the table `oauth_change_pwd` */

/*Table structure for table `oauth_function_common` */

DROP TABLE IF EXISTS `oauth_function_common`;

CREATE TABLE `oauth_function_common` (
  `function_common_id` varchar(32) NOT NULL,
  `function_common_title` varchar(100) NOT NULL COMMENT '标题',
  `function_common_url` varchar(200) DEFAULT NULL COMMENT '功能地址',
  `function_common_method` varchar(100) DEFAULT NULL COMMENT '方法名称',
  `userName` varchar(100) DEFAULT NULL COMMENT '创建人',
  `function_common_status` tinyint(4) DEFAULT NULL COMMENT '状态0启用1禁用',
  `function_common_content` varchar(500) DEFAULT NULL COMMENT '备注',
  `sysmode_id` varchar(32) DEFAULT NULL COMMENT '子系统id外键（即只有该系统下才能使用）',
  `create_time` datetime DEFAULT NULL COMMENT '创建时间',
  `update_time` datetime DEFAULT NULL COMMENT '修改时间',
  `create_id` varchar(32) DEFAULT NULL COMMENT '创建人id',
  `update_id` varchar(32) DEFAULT NULL COMMENT '修改人id',
  `del_flag` int(2) DEFAULT '0' COMMENT '删除标记：0正常1已删除',
  PRIMARY KEY (`function_common_id`)
) ENGINE=InnoDB DEFAULT CHARSET=utf8 COMMENT='授权中心公共功能';

/*Data for the table `oauth_function_common` */

insert  into `oauth_function_common`(`function_common_id`,`function_common_title`,`function_common_url`,`function_common_method`,`userName`,`function_common_status`,`function_common_content`,`sysmode_id`,`create_time`,`update_time`,`create_id`,`update_id`,`del_flag`) values 
('FB3DFCEDAB0644E1900814C6CE65030C','登录','login','login',NULL,0,'登录','67F41ABE532D4D71A454BE9FF3C479F9','2019-07-04 16:28:30','2022-01-26 14:44:40',NULL,'06e4075e00a841c8a14fef92e0e007f6',0);

/*Table structure for table `oauth_function_info` */

DROP TABLE IF EXISTS `oauth_function_info`;

CREATE TABLE `oauth_function_info` (
  `function_info_id` varchar(32) NOT NULL COMMENT '编号',
  `function_info_name` varchar(200) NOT NULL COMMENT '功能名称',
  `function_info_url` varchar(200) NOT NULL COMMENT '拦截地址',
  `function_info_method` varchar(100) NOT NULL COMMENT '拦截方法',
  `sys_id` varchar(32) DEFAULT NULL COMMENT '子系统标记外键',
  `modules_id` varchar(32) DEFAULT '模块外键',
  `issysmodules` tinyint(4) DEFAULT NULL COMMENT '是否平台模块',
  `isfilter` tinyint(4) DEFAULT NULL COMMENT '是否拦截',
  `menu_id` varchar(32) DEFAULT NULL COMMENT '资源ID外键',
  `isAuthority` tinyint(4) DEFAULT NULL COMMENT '是否数据权限',
  `status` tinyint(2) DEFAULT NULL COMMENT '状态0可用1禁用',
  `create_id` varchar(32) DEFAULT NULL COMMENT '创建人id',
  `update_id` varchar(32) DEFAULT NULL COMMENT '修改人id',
  `del_flag` int(2) DEFAULT '0' COMMENT '删除标记：0正常1已删除',
  `create_time` datetime DEFAULT NULL COMMENT '创建时间',
  `update_time` datetime DEFAULT NULL COMMENT '修改时间',
  PRIMARY KEY (`function_info_id`)
) ENGINE=InnoDB DEFAULT CHARSET=utf8 COMMENT='授权中心功能中心';

/*Data for the table `oauth_function_info` */

insert  into `oauth_function_info`(`function_info_id`,`function_info_name`,`function_info_url`,`function_info_method`,`sys_id`,`modules_id`,`issysmodules`,`isfilter`,`menu_id`,`isAuthority`,`status`,`create_id`,`update_id`,`del_flag`,`create_time`,`update_time`) values 
('0085CF78C18E4CE4B2CA0FA9E6FB76B8','删除','/xtScript/delete','/xtScript/delete',NULL,NULL,NULL,1,'452f0aec61244de6ae92f7681b64b440',1,0,NULL,NULL,0,NULL,NULL),
('00C7C63655B445D6BF6A2F19E557A43E','编辑','/xtVersion/update','/xtVersion/update',NULL,NULL,NULL,1,'3bc51b11a7ff4d25a80987d2437c65b1',1,0,NULL,NULL,0,NULL,NULL),
('00F9DC149542415F90BB28F53B7FA061','删除','/printerConfig/delete','/printerConfig/delete',NULL,NULL,0,1,'51408C8D5A0042D0B2477DA66E008677',1,0,NULL,NULL,0,NULL,NULL),
('03E132CAA9594688BA93D2C5EDCAF94B','修改','/solrIndexSqlFiled/update','/solrIndexSqlFiled/update',NULL,NULL,NULL,1,'410c671656fd49c5bafacfea5e808ffd',1,0,NULL,NULL,0,NULL,NULL),
('03F765AA7F2B444294CDF7A4323B265B','添加','/xtAreaRegion/add','/xtAreaRegion/add',NULL,NULL,0,1,'74A9B9B8E62D40A2A2A9C261E3723107',1,0,NULL,NULL,0,NULL,NULL),
('04031B3AACB54913899BCA88DF6E7AA6','打印','/graphSite/print','/graphSite/print',NULL,NULL,0,1,'C9C9B1827D074479AEECE4FE33CCCD49',1,0,NULL,NULL,0,NULL,NULL),
('05EAC436A0BF494C9DB0198122CB9A07','增量导入索引数据','/solrCore/dataimport','/solrCore/dataimport',NULL,NULL,NULL,1,'410c671656fd49c5bafacfea5e808ffd',1,0,NULL,NULL,0,NULL,NULL),
('066b4863c0db4c989cb151cf0db5cac6','添加','/xtConcordat/add','/xtConcordat/add',NULL,NULL,NULL,1,'57140033a4834dfe992309875305174e',1,0,NULL,NULL,0,NULL,NULL),
('0683F0045E8B4CC4A971266460D0A901','删除','/logOperate/delete','/logOperate/delete',NULL,NULL,0,1,'E0363BA91F3D4BA0B8DB53BCC8A946D0',1,0,NULL,NULL,0,NULL,NULL),
('0862B6D9CF6447D2B8EE075064A9A8E4','添加','/solrDataConfig/add','/solrDataConfig/add',NULL,NULL,NULL,1,'52e02f6e567b46d2a898fc20d9cce111',1,0,NULL,NULL,0,NULL,NULL),
('09946d06e7df48c69931a803c24a402c','删除','/xtSms/delete','/xtSms/delete',NULL,NULL,NULL,1,'eb5d6453fd3b47b6bed129dcb62f4d1c',1,0,NULL,NULL,0,NULL,NULL),
('09A05691CC004C44B15BA194E42E5036','删除','/oauthKeyInfo/delete','/oauthKeyInfo/delete',NULL,NULL,0,1,'2C9D79ABB8E643D8BC4AEE63FE5EEE3A',1,0,NULL,NULL,0,NULL,NULL),
('09BD79C2FF0C4ACE9FCA8501D27F7354','修改','/solrIndexAttribute/update','/solrIndexAttribute/update',NULL,NULL,NULL,1,'410c671656fd49c5bafacfea5e808ffd',1,0,NULL,NULL,0,NULL,NULL),
('0AF09871C33F4BF8A6E48B7ADBF775EF','添加','/dynamicRoute/add','/dynamicRoute/add',NULL,NULL,0,1,'8FF49348E3CF4BB184503ED5BA605301',NULL,0,NULL,NULL,0,NULL,NULL),
('0B50B2B5C60C43629A7ED0E806528944','新增','/opPlan/add','/opPlan/add',NULL,NULL,0,1,'28C160C91C764D679FD86F84258BB335',NULL,0,NULL,NULL,0,NULL,NULL),
('0C35482742254582897B6B2D3D9F85DB','修改','/solrSchemaTemplet/update','/solrSchemaTemplet/update',NULL,NULL,NULL,1,'141ece357426499ab5fad6f797940d5a',1,0,NULL,NULL,0,NULL,NULL),
('0C4A1DA0BF70487D9B1DC7E44B92A152','编辑','/oauthAccountType/update','/oauthAccountType/update',NULL,NULL,0,1,'020785C37F8B4B60B834B13C575847BB',1,0,NULL,NULL,0,NULL,NULL),
('0D0BE647AF574D4A885DEC179FBD18BA','设计流程','/lcProcess/create','/lcProcess/create',NULL,NULL,0,1,'898CCCFED97941AC89E0DC15D89D9F77',1,0,NULL,NULL,0,NULL,NULL),
('0EAA3A023C1F47E29EBD6A1F438E6B97','添加','/xtVersion/add','/xtVersion/add',NULL,NULL,NULL,1,'3bc51b11a7ff4d25a80987d2437c65b1',1,0,NULL,NULL,0,NULL,NULL),
('0EC462C539D545E89A5E45022261061D','设置归属人','/lcTask/setOwner','/lcTask/setOwner',NULL,NULL,NULL,1,'A6BE44FB75C8475786F936C36D086E07',1,0,NULL,NULL,0,NULL,NULL),
('0F9AD0A68D56450E8CC84B4B2A6D0FF9','删除我的通知','/xtNotifyReceiver/delete','/xtNotifyReceiver/delete',NULL,NULL,0,1,'7B4FB5A0E14B42C384415F34C4DD1020',NULL,0,NULL,NULL,0,NULL,NULL),
('10E1010415F3465DB051296A625757F9','禁用','/printerConfig/disabled','/printerConfig/disabled',NULL,NULL,0,1,'51408C8D5A0042D0B2477DA66E008677',1,1,NULL,NULL,0,NULL,NULL),
('1258B7F29C264968A993557C569E713E','添加','/omp/redisConfig/add','/omp/redisConfig/add',NULL,NULL,0,1,'7E63BDEB1D184053B3B3F97C43960FB6',NULL,0,NULL,NULL,0,NULL,NULL),
('12F69BECEE474AAE998785F0F3E3820F','修改','/solrEntity/update','/solrEntity/update',NULL,NULL,NULL,1,'410c671656fd49c5bafacfea5e808ffd',1,0,NULL,NULL,0,NULL,NULL),
('13720122F1B9435EA49573F9B07A54F1','一秒执行一次','/xtQuartzSet/onesecond','/xtQuartzSet/onesecond',NULL,NULL,NULL,1,'0430c1afc6f04b58b86777137bbd3cce',1,0,NULL,NULL,0,NULL,NULL),
('162C7AD416FF42F19F42E89DFB5FD1A4','删除','/solrIndexAttribute/delete','/solrIndexAttribute/delete',NULL,NULL,NULL,1,'410c671656fd49c5bafacfea5e808ffd',1,0,NULL,NULL,0,NULL,NULL),
('16893A245BDB4EA3A0D2D0A374D4B6AB','删除','/dynamicRouteModules/delete','/dynamicRouteModules/delete',NULL,NULL,0,1,'ADFFAB8ED2B548279BAC7678338A520C',NULL,0,NULL,NULL,0,NULL,NULL),
('1915F6F261984C45815C10A90653C807','删除','/solrSort/delete','/solrSort/delete',NULL,NULL,NULL,1,'410c671656fd49c5bafacfea5e808ffd',1,0,NULL,NULL,0,NULL,NULL),
('1A3D50B07DE74F87BCD3F3F410901577','修改','/jobConfig/update','/jobConfig/update',NULL,NULL,0,1,'2a66363287144d9b8bec235b0a27ee2f',1,0,NULL,NULL,0,NULL,NULL),
('1B74BE92F9AE4A8195278A96BE93FC51','执行一次','/xtQuartzSet/start','/xtQuartzSet/start',NULL,NULL,NULL,1,'0430c1afc6f04b58b86777137bbd3cce',1,0,NULL,NULL,0,NULL,NULL),
('1C3268B989404160880274B21BEFBFE4','添加','/solrIndexAttribute/add','/solrIndexAttribute/add',NULL,NULL,NULL,1,'410c671656fd49c5bafacfea5e808ffd',1,0,NULL,NULL,0,NULL,NULL),
('1FC6DA094DB94058A0B8C477F1B32C67','添加','/oauthKeyInfo/add','/oauthKeyInfo/add',NULL,NULL,0,1,'2C9D79ABB8E643D8BC4AEE63FE5EEE3A',1,0,NULL,NULL,0,NULL,NULL),
('208792B0ABB849BF8FF2B781C16899C3','删除','/jobLog/delete','/jobLog/delete',NULL,NULL,0,1,'750504673572457881110F63DAC98A0D',1,0,NULL,NULL,0,NULL,NULL),
('21261659ACFE4A548257774DE9B16943','删除','/solrIndexSqlFiled/delete','/solrIndexSqlFiled/delete',NULL,NULL,NULL,1,'410c671656fd49c5bafacfea5e808ffd',1,0,NULL,NULL,0,NULL,NULL),
('22E3756D44484718B0A6262E0E9AAFA4','删除','/dynamicRoute/delete','/dynamicRoute/delete',NULL,NULL,0,1,'8FF49348E3CF4BB184503ED5BA605301',NULL,0,NULL,NULL,0,NULL,NULL),
('230C4644EE0A4024ABAB79669744C405','添加','/solrCore/add','/solrCore/add',NULL,NULL,NULL,1,'410c671656fd49c5bafacfea5e808ffd',1,0,NULL,NULL,0,NULL,NULL),
('2330F89B674340FE8EA8CBCFB8CEEBAE','删除','/omp/redisInfo/delete','/omp/redisInfo/delete',NULL,NULL,0,1,'092126DCA38C43BAAF18D0331A8135D7',NULL,0,NULL,NULL,0,NULL,NULL),
('23DBA42F586442FEB5D5748007F8DC6E','新增','/medicalRecord/add','/medicalRecord/add',NULL,NULL,0,1,'BECF6C15E6A6495790D2209F5F4C8F22',1,0,NULL,NULL,0,NULL,NULL),
('241870713F594B5B8D81DCDD7986D641','修改','/medicalRecord/update','/medicalRecord/update',NULL,NULL,0,1,'BECF6C15E6A6495790D2209F5F4C8F22',1,0,NULL,NULL,0,NULL,NULL),
('2476B0A4EA4C4E8795E0E427F513AD3E','添加','/xtEncoderqrcode/add','/xtEncoderqrcode/add',NULL,NULL,NULL,1,'9735261cfef64cfbb37bdefdac9e91f1',1,0,NULL,NULL,0,NULL,NULL),
('26A0C804BE294E44AB4068F56A3840FD','删除','/xtService/delete','/xtService/delete',NULL,NULL,NULL,1,'C0B94022ECD94EF0B5852876AF8CC317',1,0,NULL,NULL,0,NULL,NULL),
('28B89AC95E904D4EA00DF02980882A7D','编辑','/oauthResources/update','/oauthResources/update',NULL,NULL,0,1,'9e9cebc17006463394bb4ada3fb2a7af',1,0,NULL,NULL,0,NULL,NULL),
('2BA67144973C43E48040700BA1D6B6CD','添加','/xtService/add','/xtService/add',NULL,NULL,NULL,1,'C0B94022ECD94EF0B5852876AF8CC317',1,0,NULL,NULL,0,NULL,NULL),
('2C7157E2EFB7406AB947D68CC534F0CB','修改','/solrUrl/update','/solrUrl/update',NULL,NULL,NULL,1,'410c671656fd49c5bafacfea5e808ffd',1,0,NULL,NULL,0,NULL,NULL),
('2D520BAD8E0B4D9C813D41C6F9401E09','全量导入索引数据','/solrCore/fullimport','/solrCore/fullimport',NULL,NULL,NULL,1,'410c671656fd49c5bafacfea5e808ffd',1,0,NULL,NULL,0,NULL,NULL),
('2DC7F94A1B1A4A8C87F8F773299875D2','添加','/solrUrl/add','/solrUrl/add',NULL,NULL,NULL,1,'410c671656fd49c5bafacfea5e808ffd',1,0,NULL,NULL,0,NULL,NULL),
('2e537fb20795497b9ff5efc0ce5a8390','修改','/xtKnowledge/update','/xtKnowledge/update',NULL,NULL,NULL,1,'3756a37dc9d14c3e992e4fa8925cf456',1,0,NULL,NULL,0,NULL,NULL),
('2EFC06172976474FAF7716A9BFCD5E0D','删除','/lcStatus/delete','/lcStatus/delete',NULL,NULL,NULL,1,'33647ea29d664b6c82b36daef7d20aef',1,0,NULL,NULL,0,NULL,NULL),
('305E300DEED74A27AD57CC960DE8D4EE','添加','/jobConfig/add','/jobConfig/add',NULL,NULL,0,1,'2a66363287144d9b8bec235b0a27ee2f',1,0,NULL,NULL,0,NULL,NULL),
('314EF898DC02487D8C25ADDD5B5B2C5B','编辑','/opPlan/update','/opPlan/update',NULL,NULL,0,1,'28C160C91C764D679FD86F84258BB335',NULL,0,NULL,NULL,0,NULL,NULL),
('315DCB8C272246D0A882D6CF5302AD08','编辑','/oauthSysModules/update','/oauthSysModules/update',NULL,NULL,0,1,'854695647E4141FA99F5AEA19BE375C6',1,0,NULL,NULL,0,NULL,NULL),
('31B56104575A4B919365E51D6AA541D5','添加','/xtKwords/add','/xtKwords/add',NULL,NULL,NULL,1,'32E8B86742F844E9BB0C442DB64D1C26',1,0,NULL,NULL,0,NULL,NULL),
('3253B871FA734F8699AD0835A74388CC','添加','/xtPlatform/add','/xtPlatform/add',NULL,NULL,0,1,'C38632F28B8F44FB9D6DAC46143B7289',NULL,0,NULL,NULL,0,NULL,NULL),
('32DB55FFDD7543F7A2653A4B7A34DB67','删除','/oauthFunctionCommon/delete','/oauthFunctionCommon/delete',NULL,NULL,0,1,'754A59BF228F4E9D8966E8C7EA456079',1,0,NULL,NULL,0,NULL,NULL),
('3550D431CE2B47418C4ACD47ECB4E90F','添加','/formDesign/add','/formDesign/add',NULL,NULL,0,1,'939FEAE998194F87B12C636516EDF54D',1,0,NULL,NULL,0,NULL,NULL),
('369E7C14771C4396BDC6441D83FFDD4A','五秒执行一次','/xtQuartzSet/fiveseconds','/xtQuartzSet/fiveseconds',NULL,NULL,NULL,1,'0430c1afc6f04b58b86777137bbd3cce',1,0,NULL,NULL,0,NULL,NULL),
('394990adbbf1463ea2fd288f1833a66b','删除','/xtPost/delete','/xtPost/delete',NULL,NULL,NULL,1,'7f3ffbda4a854d8583e977e474301b0d',1,0,NULL,NULL,0,NULL,NULL),
('3d07df0f543b41d2b10a1ee3b77dd367','修改','/xtUnit/update','/xtUnit/update',NULL,NULL,NULL,1,'e9b46be997d441b6a250f4fb3d7d55a8',1,0,NULL,NULL,0,NULL,NULL),
('3F16D29B5F1845ABA55EA9CE731BC182','添加','/oauthResources/add','/oauthResources/add',NULL,NULL,0,1,'9e9cebc17006463394bb4ada3fb2a7af',1,0,NULL,NULL,0,NULL,NULL),
('3F8141E2A45B45DA84DAE2B4C0CC0486','发布流程','/lcProcess/createDeployment','/lcProcess/createDeployment',NULL,NULL,NULL,1,'898CCCFED97941AC89E0DC15D89D9F77',1,0,NULL,NULL,0,NULL,NULL),
('41cd2c23980e4650967a769b1c8a8cee','添加','/xtNotice/add','/xtNotice/add',NULL,NULL,NULL,1,'cfbfca046fbe4745bd7ba1d680e7ca4b',1,0,NULL,NULL,0,NULL,NULL),
('421473A4FD744D26A7D278A4292BEFEC','添加','/oauthSysModules/add','/oauthSysModules/add',NULL,NULL,0,1,'854695647E4141FA99F5AEA19BE375C6',1,0,NULL,NULL,0,NULL,NULL),
('4250B51384924F97BE833861B010AFFC','删除','/medicalRecord/delete','/medicalRecord/delete',NULL,NULL,0,1,'BECF6C15E6A6495790D2209F5F4C8F22',1,0,NULL,NULL,0,NULL,NULL),
('4387c538435049cdb8b461b556aea5ac','添加','/logLoadinfo/add','/logLoadinfo/add',NULL,NULL,0,0,'d7821b3b6f1a4a6699b2b5726baa41f9',1,0,NULL,NULL,0,NULL,NULL),
('45DCF2726DE9432FBDF331BA4FFE3EBB','编辑','/xtPlatform/update','/xtPlatform/update',NULL,NULL,0,1,'C38632F28B8F44FB9D6DAC46143B7289',NULL,0,NULL,NULL,0,NULL,NULL),
('469B59DE43054D27BA27EA7058BD284A','删除消息','/xtMessage/delete','/xtMessage/delete',NULL,NULL,NULL,1,'AB980AC7335B4EE099481895A4A3B6EC',1,0,NULL,NULL,0,NULL,NULL),
('46E731DE78B44BD49DCD6F9DB85FC7BF','修改','/xtSources/update','/xtSources/update',NULL,NULL,NULL,1,'3f8237bac16b4ce1b0104e005d62c18f',1,0,NULL,NULL,0,NULL,NULL),
('48BE0F4B2F1246808B630FABC94C1FA4','添加','/xtGeneratorForbidtable/add','/xtGeneratorForbidtable/add',NULL,NULL,NULL,1,'72C4599AF36D46F5AA97D35B21F75DE5',1,0,NULL,NULL,0,NULL,NULL),
('494fc5c8bfb44025b2f5806f914f38da','删除','/logLoadinfo/delete','/logLoadinfo/delete',NULL,NULL,0,1,'d7821b3b6f1a4a6699b2b5726baa41f9',1,0,NULL,NULL,0,NULL,NULL),
('497E878C035A4A0F984DD130207D5A7A','启动默认所有调度任务','/xtQuartzSet/default/start','/xtQuartzSet/default/start',NULL,NULL,NULL,1,'0430c1afc6f04b58b86777137bbd3cce',1,0,NULL,NULL,0,NULL,NULL),
('49d3151c55194bcebfd88ce07219799e','删除','/xtAttachment/delete','/xtAttachment/delete',NULL,NULL,NULL,1,'d55a02b63e254bd190a7aec70b004801',1,0,NULL,NULL,0,NULL,NULL),
('49E0BA7A6E6A4C269C5F5201043A7781','删除','/oauthSysMode/delete','/oauthSysMode/delete',NULL,NULL,0,1,'1B4A8FE6C35F42668897126105A0E187',1,0,NULL,NULL,0,NULL,NULL),
('49F1345A276C45B89DA631FD021E982C','添加','/dynamicRouteModules/add','/dynamicRouteModules/add',NULL,NULL,0,1,'ADFFAB8ED2B548279BAC7678338A520C',NULL,0,NULL,NULL,0,NULL,NULL),
('4AA21028C79D4297BC2C7B32AA6B84F3','编辑','/oauthAccount/update','/oauthAccount/update',NULL,NULL,0,1,'35C2747A976043949C56919AF39BB10A',1,0,NULL,NULL,0,NULL,NULL),
('4AB2D04E0E774CEEA5B9F1600977DF97','添加','/graphPel/add','/graphPel/add',NULL,NULL,0,1,'EB67CD25AC154E57B77381958C52AED4',1,0,NULL,NULL,0,NULL,NULL),
('4bc3bea028da47418c739ddd12a96b8a','删除','/xtMonitorCpu/delete','/xtMonitorCpu/delete',NULL,NULL,NULL,1,'034516dbfbf04be7a69fb75b9fdf86ba',1,0,NULL,NULL,0,NULL,NULL),
('4E20492CC3CE4FDCAB2DFA57E10A58B0','修改','/xtService/update','/xtService/update',NULL,NULL,NULL,1,'C0B94022ECD94EF0B5852876AF8CC317',1,0,NULL,NULL,0,NULL,NULL),
('4EAD59E3FC1B45068F351322CA792997','暂停任务','/xtQuartzSet/stop','/xtQuartzSet/stop',NULL,NULL,NULL,1,'0430c1afc6f04b58b86777137bbd3cce',1,0,NULL,NULL,0,NULL,NULL),
('4ED44EFBFB2441DEBBB1DDB8D27F0628','修改','/xtDbTableStrategy/update','/xtDbTableStrategy/update',NULL,NULL,NULL,1,'928881F3B7E5432FBBA53EFFCE723AC8',1,0,NULL,NULL,0,NULL,NULL),
('4ED81A53A60943C7835FA2935559C558','删除','/xtGeneratorForbidtable/delete','/xtGeneratorForbidtable/delete',NULL,NULL,NULL,1,'72C4599AF36D46F5AA97D35B21F75DE5',1,0,NULL,NULL,0,NULL,NULL),
('511904C58D664482A621838F1B265B4C','编辑','/graphPel/update','/graphPel/update',NULL,NULL,0,1,'EB67CD25AC154E57B77381958C52AED4',1,0,NULL,NULL,0,NULL,NULL),
('551B2CA378B6407497107BE89220B512','添加','/solrSchemaTemplet/add','/solrSchemaTemplet/add',NULL,NULL,NULL,1,'141ece357426499ab5fad6f797940d5a',1,0,NULL,NULL,0,NULL,NULL),
('56246f4da57d4f9fb312058e64d17df5','删除','/xtDbInfo/delete','/xtDbInfo/delete',NULL,NULL,NULL,1,'87fd49d0cb0a470d9eb7bb5ae321d415',1,0,NULL,NULL,0,NULL,NULL),
('5AB03959FE064639ADA5FB7714466605','添加','/solrSort/add','/solrSort/add',NULL,NULL,NULL,1,'410c671656fd49c5bafacfea5e808ffd',1,0,NULL,NULL,0,NULL,NULL),
('5CECF9ED6C6C483093290FBA1ED3BDE8','找回密码','/xtChangePwd/add','/xtChangePwd/add',NULL,NULL,NULL,0,'7D94CC39C8164892A398CF65A8F94F36',1,0,NULL,NULL,0,NULL,NULL),
('5D3199D8C36D4B01A06E79A95817C8C2','删除','/omp/redisConfig/delete','/omp/redisConfig/delete',NULL,NULL,0,1,'7E63BDEB1D184053B3B3F97C43960FB6',NULL,0,NULL,NULL,0,NULL,NULL),
('5D5B2243726C4FE9AB395E4479A985D0','添加','/printerConfig/add','/printerConfig/add',NULL,NULL,0,1,'51408C8D5A0042D0B2477DA66E008677',1,0,NULL,NULL,0,NULL,NULL),
('5e0a53b7d18948edb5bbb7edfa05a83b','添加','/xtUserinfo/add','/xtUserinfo/add',NULL,NULL,NULL,1,'4131bd23b4b24d6d885944b5de78f271',1,0,NULL,NULL,0,NULL,NULL),
('5E0B9A33119646C1A79342CBBD3C3887','添加','/graphSite/add','/graphSite/add',NULL,NULL,0,1,'086F33002934452C8855F917DE58DA82',1,0,NULL,NULL,0,NULL,NULL),
('5E2F6404DA434F9F872C4C4929B6A350','编辑','/dynamicRoute/update','/dynamicRoute/update',NULL,NULL,0,1,'8FF49348E3CF4BB184503ED5BA605301',NULL,0,NULL,NULL,0,NULL,NULL),
('5eb5e850629f492a88340e1d1802d6b0','编辑','/xtCompany/addOrUpdate','/xtCompany/addOrUpdate',NULL,NULL,0,1,'657e88dd46b8439e87bb240b40ef5ec0',1,0,NULL,NULL,0,NULL,NULL),
('6085C029FF27426B92CA568F72D27FD5','发起流程实例','/lcProcess/startProcessInstance','/lcProcess/startProcessInstance',NULL,NULL,NULL,1,'898CCCFED97941AC89E0DC15D89D9F77',1,0,NULL,NULL,0,NULL,NULL),
('62C7C94E8EB246248FE219B536D48F0A','删除','/omp/auth/log/delete','/omp/auth/log/delete',NULL,NULL,0,1,'E7FDFC5CC4ED42EFAB15DA51E396BC9D',NULL,0,NULL,NULL,0,NULL,NULL),
('63f15d2946f84567b140c964da153c59','修改','/xtDataDictionary/update','/xtDataDictionary/update',NULL,NULL,NULL,1,'aed0de57327541dda4a00704a68c9406',1,0,NULL,NULL,0,NULL,NULL),
('6480EE3C59EA47C180EAAA4C25950293','删除','/scms/monitorMem/delete','/scms/monitorMem/delete',NULL,NULL,0,1,'3C878651008244B0993815214049FB14',NULL,0,NULL,NULL,0,NULL,NULL),
('64b74c4711c04cab96239463cc24c221','添加','/xtConstant/add','/xtConstant/add',NULL,NULL,NULL,1,'5d04531eff4642429bbdbce6ff063228',1,0,NULL,NULL,0,NULL,NULL),
('66A97570307D4861AEC08AC68AF43BE5','向组任务中添加成员','/lcTask/addGroupUser','/lcTask/addGroupUser',NULL,NULL,NULL,1,'A6BE44FB75C8475786F936C36D086E07',1,0,NULL,NULL,0,NULL,NULL),
('6A8DF8A7640F4C9B857BB427E8089075','删除','/xtFunctioninfoCommon/delete','/xtFunctioninfoCommon/delete',NULL,NULL,NULL,1,'754A59BF228F4E9D8966E8C7EA456079',1,0,NULL,NULL,0,NULL,NULL),
('6BBFC05AD7244927818851D32B348677','添加','/solrIndexSqlFiled/add','/solrIndexSqlFiled/add',NULL,NULL,NULL,1,'410c671656fd49c5bafacfea5e808ffd',1,0,NULL,NULL,0,NULL,NULL),
('6BE138FF9FE543C0A1B94C73FA82018F','修改','/solrSort/update','/solrSort/update',NULL,NULL,NULL,1,'410c671656fd49c5bafacfea5e808ffd',1,0,NULL,NULL,0,NULL,NULL),
('6ca22a93bcb745398ae812276f9f9334','修改','/xtPost/update','/xtPost/update',NULL,NULL,NULL,1,'7f3ffbda4a854d8583e977e474301b0d',1,0,NULL,NULL,0,NULL,NULL),
('6F011FE39C0B4C27A98C210F1BE11910','完成任务','/lcProcess/completeTask','/lcProcess/completeTask',NULL,NULL,NULL,1,'898CCCFED97941AC89E0DC15D89D9F77',1,0,NULL,NULL,0,NULL,NULL),
('70302B63CCCB41D896FA26869CDACDCD','修改','/solrIndexSql/update','/solrIndexSql/update',NULL,NULL,NULL,1,'410c671656fd49c5bafacfea5e808ffd',1,0,NULL,NULL,0,NULL,NULL),
('70DC38D4CA44405E9BB22BCA54E9CA64','删除','/logModifyRecord/delete','/logModifyRecord/delete',NULL,NULL,0,1,'E20EEB0FA32F4350832D06532DC2A9E6',1,0,NULL,NULL,0,NULL,NULL),
('721780D07B4D46F48ACF8DAD8C6519A1','删除通知','/xtNotify/delete','/xtNotify/delete',NULL,NULL,0,1,'7B4FB5A0E14B42C384415F34C4DD1020',1,0,NULL,NULL,0,NULL,NULL),
('72B8EE0597324BB4BF935F69A6C59561','删除','/xtDbTableStrategy/delete','/xtDbTableStrategy/delete',NULL,NULL,NULL,1,'928881F3B7E5432FBBA53EFFCE723AC8',1,0,NULL,NULL,0,NULL,NULL),
('73AB8B77AA1D47C0A8A36A85A6170777','更新状态','/dynamicRoute/updateStatus','/dynamicRoute/updateStatus',NULL,NULL,0,1,'8FF49348E3CF4BB184503ED5BA605301',NULL,0,NULL,NULL,0,NULL,NULL),
('74beaf9cea964150a401c686af65dd8b','添加','/xtUnit/add','/xtUnit/add',NULL,NULL,NULL,1,'e9b46be997d441b6a250f4fb3d7d55a8',1,0,NULL,NULL,0,NULL,NULL),
('74F0943D47E146E7AB5E344CC39B4208','删除','/solrDataConfig/delete','/solrDataConfig/delete',NULL,NULL,NULL,1,'52e02f6e567b46d2a898fc20d9cce111',1,0,NULL,NULL,0,NULL,NULL),
('76E92190CC4049DDB12D1158E26C5A91','修改','/lcStatus/update','/lcStatus/update',NULL,NULL,NULL,1,'33647ea29d664b6c82b36daef7d20aef',1,0,NULL,NULL,0,NULL,NULL),
('781e40265f9e4bb29d3900e1f01ecf04','删除','/oauthResources/delete','/oauthResources/delete',NULL,NULL,0,1,'9e9cebc17006463394bb4ada3fb2a7af',1,0,NULL,NULL,0,NULL,NULL),
('78FF0E7FF0114C96933238E4B93E3E78','删除','/lcApply/delete','/lcApply/delete',NULL,NULL,NULL,1,'3603F5777E7E42BFA83E8446F6A64FFB',1,0,NULL,NULL,0,NULL,NULL),
('797BDD3A7ED345349D56E178659C6554','添加','/oauthFunctionInfo/add','/oauthFunctionInfo/add',NULL,NULL,0,1,'56d3ca9d0aaf4799870d5c0cb6ef0efd',1,0,NULL,NULL,0,NULL,NULL),
('7BC744A4366547429BAA63951B452556','编辑','/printerConfig/update','/printerConfig/update',NULL,NULL,0,1,'51408C8D5A0042D0B2477DA66E008677',1,0,NULL,NULL,0,NULL,NULL),
('7ce217a96ed7457bad15a34a4f618bde','添加','/xtDataDictionary/add','/xtDataDictionary/add',NULL,NULL,NULL,1,'aed0de57327541dda4a00704a68c9406',1,0,NULL,NULL,0,NULL,NULL),
('7D2C24F3BAAF48A4A656A851FB4F3E0C','删除','/omp/redisMain/delete','/omp/redisMain/delete',NULL,NULL,0,1,'1F09D6D2688E4EF2ABBD5880300D9ED0',NULL,0,NULL,NULL,0,NULL,NULL),
('7D4FDFA2F2704E36B6BFEF627E20BD39','添加','/oauthSysMode/add','/oauthSysMode/add',NULL,NULL,0,1,'1B4A8FE6C35F42668897126105A0E187',1,0,NULL,NULL,0,NULL,NULL),
('7D7916BAB3C84119B3622DEEEA9FBBBE','删除','/solrIndexSql/delete','/solrIndexSql/delete',NULL,NULL,NULL,1,'410c671656fd49c5bafacfea5e808ffd',1,0,NULL,NULL,0,NULL,NULL),
('7DA3555600914C05A17A346DE53EA62F','发送消息','/xtMessage/add','/xtMessage/add',NULL,NULL,NULL,1,'AB980AC7335B4EE099481895A4A3B6EC',1,0,NULL,NULL,0,NULL,NULL),
('7DA6CF22CCD44B2A96815C84CC74D366','新增','/hospital/add','/hospital/add',NULL,NULL,0,1,'164CBFE44FA641BDAC6BEC89C41E8443',1,0,NULL,NULL,0,NULL,NULL),
('7F177E9B59884275BF9FEBE9110713F1','添加','/solrIndexSql/add','/solrIndexSql/add',NULL,NULL,NULL,1,'410c671656fd49c5bafacfea5e808ffd',1,0,NULL,NULL,0,NULL,NULL),
('7FC31B8F9FD34C4E9889489DEC919710','修改','/xtKwords/update','/xtKwords/update',NULL,NULL,NULL,1,'32E8B86742F844E9BB0C442DB64D1C26',1,0,NULL,NULL,0,NULL,NULL),
('80382948AAAF4068B0B22BF8E1203A95','按人员添加','/xtDataAuthority/addUser','/xtDataAuthority/addUser',NULL,NULL,NULL,1,'68d96506c3854c849c9dad79f1f9dbbf',1,0,NULL,NULL,0,NULL,NULL),
('80456ebfb7ee46f68ec9785ee221a28b','删除','/xtConstant/delete','/xtConstant/delete',NULL,NULL,NULL,1,'5d04531eff4642429bbdbce6ff063228',1,0,NULL,NULL,0,NULL,NULL),
('821F5FCE90BF425094A62BD445F709A5','创建通知','/xtNotify/add','/xtNotify/add',NULL,NULL,NULL,0,'7B4FB5A0E14B42C384415F34C4DD1020',1,0,NULL,NULL,0,NULL,NULL),
('84d453a64a0c4d458dd619bd244f663d','公司信息','/xtCompany/singel','/xtCompany/singel',NULL,NULL,0,0,'657e88dd46b8439e87bb240b40ef5ec0',1,0,NULL,NULL,0,NULL,NULL),
('856D972C80CB48088F0E49075C5AB408','添加任务','/xtQuartzSet/add','/xtQuartzSet/add',NULL,NULL,NULL,1,'0430c1afc6f04b58b86777137bbd3cce',1,0,NULL,NULL,0,NULL,NULL),
('85B889AD958547E8A1B97E93329F5A31','清空人员','/xtDataAuthority/deleteUser','/xtDataAuthority/deleteUser',NULL,NULL,NULL,1,'68d96506c3854c849c9dad79f1f9dbbf',1,0,NULL,NULL,0,NULL,NULL),
('878B87464D164C34BDF5D8DB2269FB54','编辑','/oauthFunctionCommon/update','/oauthFunctionCommon/update',NULL,NULL,0,1,'754A59BF228F4E9D8966E8C7EA456079',1,0,NULL,NULL,0,NULL,NULL),
('87fb1e2b8fd04ae08f57c05da0c842f4','删除','/xtDataDictionary/delete','/xtDataDictionary/delete',NULL,NULL,NULL,1,'aed0de57327541dda4a00704a68c9406',1,0,NULL,NULL,0,NULL,NULL),
('8883b048de4d461fbf8f84629d8c3bad','分配资源','/oauthRole/saveOauthRR','/oauthRole/saveOauthRR',NULL,NULL,0,1,'e8e3356d2d48414592453e911bf61a09',1,0,NULL,NULL,0,NULL,NULL),
('8A58E871ADF94A73A4A0D7B0B7FD831C','修改','/hospitalLevel/update','/hospitalLevel/update',NULL,NULL,0,1,'48651DD6BFC34F4B937373D92D9CBEB6',1,0,NULL,NULL,0,NULL,NULL),
('8BB16C0C8C2646D4A63AD8BF775DA67A','操作部门','/xtOrg/xtDepartinfo/saveOrUpdate','/xtOrg/xtDepartinfo/saveOrUpdate',NULL,NULL,NULL,1,'5b804105a18f42d087b2b5d302d14a30',1,0,NULL,NULL,0,NULL,NULL),
('8BB16C0C8C2646D4A63AD8BF775DA67B','操作岗位','/xtOrg/xtPost/saveOrUpdate','/xtOrg/xtPost/saveOrUpdate',NULL,NULL,NULL,1,'5b804105a18f42d087b2b5d302d14a30',1,0,NULL,NULL,0,NULL,NULL),
('8D2E1A9AAF5E44C1B9152A8F9A1C7759','添加','/xtIpFrozen/add','/xtIpFrozen/add',NULL,NULL,NULL,1,'a2b9d38e429d4ac9aa3d7106217632b0',1,0,NULL,NULL,0,NULL,NULL),
('8E927845EB4C4B62B3C5192962045F48','编辑','/oauthFunctionInfo/update','/oauthFunctionInfo/update',NULL,NULL,0,1,'56d3ca9d0aaf4799870d5c0cb6ef0efd',1,0,NULL,NULL,0,NULL,NULL),
('8EB3A3BE4F3F45309C41FE564513E66A','修改','/xtScript/update','/xtScript/update',NULL,NULL,NULL,1,'452f0aec61244de6ae92f7681b64b440',1,0,NULL,NULL,0,NULL,NULL),
('8eb7ed42b4eb46cc9158ff063c357366','删除索引','/xtDbStructure/delXtDbTableIndex','/xtDbStructure/delXtDbTableIndex',NULL,NULL,NULL,1,'7f6c9a9f54844e93aca3733503bc5376',1,0,NULL,NULL,0,NULL,NULL),
('8EBBF9E090F0446AA2DADA9078065F23','修改','/solrDataConfig/update','/solrDataConfig/update',NULL,NULL,NULL,1,'52e02f6e567b46d2a898fc20d9cce111',1,0,NULL,NULL,0,NULL,NULL),
('8F7B553531134E73AD42A13629D8B792','删除','/opPlan/delete','/opPlan/delete',NULL,NULL,0,1,'28C160C91C764D679FD86F84258BB335',NULL,0,NULL,NULL,0,NULL,NULL),
('93F47C353EF34904B8E9E583A6305C45','删除','/scms/monitor/delete','/scms/monitor/delete',NULL,NULL,0,1,'952F6BDE18014DA3820DD2EF089076C5',NULL,0,NULL,NULL,0,NULL,NULL),
('99E49B5C6C1047129E00A51C16FB811D','修改','/xtGeneratorForbidtable/update','/xtGeneratorForbidtable/update',NULL,NULL,NULL,1,'72C4599AF36D46F5AA97D35B21F75DE5',1,0,NULL,NULL,0,NULL,NULL),
('9AD19A4D4A0945FF86FD1544D009E635','添加','/lcStatus/add','/lcStatus/add',NULL,NULL,NULL,1,'33647ea29d664b6c82b36daef7d20aef',1,0,NULL,NULL,0,NULL,NULL),
('9ba99b4e9cf54c3bbf11ae75a887c6d9','添加','/xtDbInfo/add','/xtDbInfo/add',NULL,NULL,NULL,1,'87fd49d0cb0a470d9eb7bb5ae321d415',1,0,NULL,NULL,0,NULL,NULL),
('9bc799e483b244efb7b35d0e19ab8c9f','禁用','/oauthRole/delele','/oauthRole/delele',NULL,NULL,0,1,'e8e3356d2d48414592453e911bf61a09',1,0,NULL,NULL,0,NULL,NULL),
('9c784bd3e1ba453f9947035ad1aba9b9','删除','/xtConcordat/delete','/xtConcordat/delete',NULL,NULL,NULL,1,'57140033a4834dfe992309875305174e',1,0,NULL,NULL,0,NULL,NULL),
('9DA154911B6844CC963023F40CAE309C','删除','/xtOrg/delete','/xtOrg/delete',NULL,NULL,NULL,1,'5b804105a18f42d087b2b5d302d14a30',1,0,NULL,NULL,0,NULL,NULL),
('9DA2604BAA144FE3827B3FAD94E5EF82','删除','/oauthSysModules/delete','/oauthSysModules/delete',NULL,NULL,0,1,'854695647E4141FA99F5AEA19BE375C6',1,0,NULL,NULL,0,NULL,NULL),
('9E0550457BD3452C81015F682187C776','删除','/lcProcess/delete','/lcProcess/delete',NULL,NULL,NULL,1,'898CCCFED97941AC89E0DC15D89D9F77',1,0,NULL,NULL,0,NULL,NULL),
('9FE5CDD0303544EE8B6161407BD8E321','修改','/xtEncoderqrcode/update','/xtEncoderqrcode/update',NULL,NULL,NULL,1,'9735261cfef64cfbb37bdefdac9e91f1',1,0,NULL,NULL,0,NULL,NULL),
('A08AAB4BD14C4797AE07A3DC2A4B9573','删除','/oauthAccountType/delete','/oauthAccountType/delete',NULL,NULL,0,1,'020785C37F8B4B60B834B13C575847BB',1,0,NULL,NULL,0,NULL,NULL),
('a100f7ffa1274041b85e7e6bae6aa279','修改','/xtPath/update','/xtPath/update',NULL,NULL,NULL,1,'6417e7bbddec495284a727a016709e3f',1,0,NULL,NULL,0,NULL,NULL),
('a2d7460f091245e29d615b44f254189a','修改','/xtDbInfo/update','/xtDbInfo/update',NULL,NULL,NULL,1,'87fd49d0cb0a470d9eb7bb5ae321d415',1,0,NULL,NULL,0,NULL,NULL),
('A3D897AA5DE441C7B0E3B60CDD93707C','重置密码','/xtUserinfo/pwd/reset','/xtUserinfo/pwd/reset',NULL,NULL,NULL,1,'4131bd23b4b24d6d885944b5de78f271',1,0,NULL,NULL,0,NULL,NULL),
('A697D3A796EA424FA2B8ADF396D24295','删除','/graphSite/delete','/graphSite/delete',NULL,NULL,0,1,'086F33002934452C8855F917DE58DA82',1,0,NULL,NULL,0,NULL,NULL),
('A996B4164EA24316A9529D6A5036F320','恢复','/oauthRole/recover','/oauthRole/recover',NULL,NULL,0,1,'e8e3356d2d48414592453e911bf61a09',1,0,NULL,NULL,0,NULL,NULL),
('a9d9fe122ac94da19c9708297af0a1c0','修改','/xtSms/update','/xtSms/update',NULL,NULL,NULL,1,'eb5d6453fd3b47b6bed129dcb62f4d1c',1,0,NULL,NULL,0,NULL,NULL),
('a9e7f63124c44c6a8bde3dbf62657428','修改','/xtConstant/update','/xtConstant/update',NULL,NULL,NULL,1,'5d04531eff4642429bbdbce6ff063228',1,0,NULL,NULL,0,NULL,NULL),
('AAE44ECAB9CB47AE9FD9E865927200FA','删除','/formDesign/delete','/formDesign/delete',NULL,NULL,0,1,'939FEAE998194F87B12C636516EDF54D',1,0,NULL,NULL,0,NULL,NULL),
('AB3CC2D442FF4A2B8BC39327D459EC64','编辑','/oauthSysMode/update','/oauthSysMode/update',NULL,NULL,0,1,'1B4A8FE6C35F42668897126105A0E187',1,0,NULL,NULL,0,NULL,NULL),
('b36b0ed3180f4871bb5bbcf3d1116ae5','删除','/logError/delete','/logError/delete',NULL,NULL,0,1,'63a8116913a449f3b93d936058303fa3',1,0,NULL,NULL,0,NULL,NULL),
('B46F22BC210840B8B4FA12C5D67AF301','生成BPMN文件','/lcProcess/createBPMN','/lcProcess/createBPMN',NULL,NULL,NULL,1,'1a5bd853c29148afb0e2dc8688ea7ad4',1,0,NULL,NULL,0,NULL,NULL),
('B477AEDBF8AD47678BC2BC2E340E9AAE','修改','/xtIpFrozen/update','/xtIpFrozen/update',NULL,NULL,NULL,1,'a2b9d38e429d4ac9aa3d7106217632b0',1,0,NULL,NULL,0,NULL,NULL),
('b4990eb6264b4572870d7e70bd67f4eb','删除','/logLogin/delete','/logLogin/delete',NULL,NULL,0,1,'896926f7f84a4270a3a2036e971bdcce',1,0,NULL,NULL,0,NULL,NULL),
('B5065A61833043D694B662265A8F73A8','清空初始化数据','/xtDataAuthority/delDefault','/xtDataAuthority/delDefault',NULL,NULL,NULL,1,'68d96506c3854c849c9dad79f1f9dbbf',1,0,NULL,NULL,0,NULL,NULL),
('B6AF5E51840744C3A0CC00D68E42B190','删除','/solrUrl/delete','/solrUrl/delete',NULL,NULL,NULL,1,'410c671656fd49c5bafacfea5e808ffd',1,0,NULL,NULL,0,NULL,NULL),
('B7ABAF90764D49A3907B4A84E6832A3D','移除','/oauthAdmin/delete','/oauthAdmin/delete',NULL,NULL,0,1,'94FD198653E441C69E4AE1326B39F4EC',1,0,NULL,NULL,0,NULL,NULL),
('B7D70654E16C4943BCDB1CFC831540D1','修改','/solrCore/update','/solrCore/update',NULL,NULL,NULL,1,'410c671656fd49c5bafacfea5e808ffd',1,0,NULL,NULL,0,NULL,NULL),
('b8820421ff234a0eacc196788f88c43e','修改','/xtConcordat/update','/xtConcordat/update',NULL,NULL,NULL,1,'57140033a4834dfe992309875305174e',1,0,NULL,NULL,0,NULL,NULL),
('b8edc42c4e434b6389a249d291f54511','添加','/xtAttachment/add','/xtAttachment/add',NULL,NULL,NULL,1,'d55a02b63e254bd190a7aec70b004801',1,0,NULL,NULL,0,NULL,NULL),
('B95D0D67F162402DBCB1322647FEB415','编辑','/graphSite/update','/graphSite/update',NULL,NULL,0,1,'086F33002934452C8855F917DE58DA82',1,0,NULL,NULL,0,NULL,NULL),
('B96F3D32F8BE49EBA6598841A13558FC','按部门添加','/xtDataAuthority/addDepart','/xtDataAuthority/addDepart',NULL,NULL,NULL,1,'68d96506c3854c849c9dad79f1f9dbbf',1,0,NULL,NULL,0,NULL,NULL),
('b98e22bf7b8d4b0bb25e3ffaf63eb148','修改','/xtAttachment/update','/xtAttachment/update',NULL,NULL,NULL,1,'d55a02b63e254bd190a7aec70b004801',1,0,NULL,NULL,0,NULL,NULL),
('BA85D86299D14C8BBEFCA54AE925F324','设置经办人','/lcTask/setAssignee','/lcTask/setAssignee',NULL,NULL,NULL,1,'A6BE44FB75C8475786F936C36D086E07',1,0,NULL,NULL,0,NULL,NULL),
('BCC28C3C573F4AF594E204EF143890DC','删除','/xtPlatform/delete','/xtPlatform/delete',NULL,NULL,0,1,'C38632F28B8F44FB9D6DAC46143B7289',NULL,0,NULL,NULL,0,NULL,NULL),
('BD76621580D54A199B0564AA15C5198D','删除','/solrCore/delete','/solrCore/delete',NULL,NULL,NULL,1,'410c671656fd49c5bafacfea5e808ffd',1,0,NULL,NULL,0,NULL,NULL),
('bd7ef9db574745c88e00d6e5730ee241','上传头像','/xtUserinfo/upload','/xtUserinfo/upload',NULL,NULL,NULL,1,'4131bd23b4b24d6d885944b5de78f271',1,0,NULL,NULL,0,NULL,NULL),
('BE354353A3B34A9D942C54FC7DF75B85','清空岗位','/xtDataAuthority/deletePost','/xtDataAuthority/deletePost',NULL,NULL,NULL,1,'68d96506c3854c849c9dad79f1f9dbbf',1,0,NULL,NULL,0,NULL,NULL),
('BE4229FFBF62450B8746718F42B20DC2','恢复用户','/xtUserinfo/recover','/xtUserinfo/recover',NULL,NULL,NULL,1,'4131bd23b4b24d6d885944b5de78f271',1,0,NULL,NULL,0,NULL,NULL),
('BF043E9D3A2E454188F673CB34E7215B','删除','/hospital/delete','/hospital/delete',NULL,NULL,0,1,'164CBFE44FA641BDAC6BEC89C41E8443',1,0,NULL,NULL,0,NULL,NULL),
('BFDC38E6BC5647018B456BD992F83253','解冻','/oauthAccount/unfreeze','/oauthAccount/unfreeze',NULL,NULL,0,1,'35C2747A976043949C56919AF39BB10A',1,0,NULL,NULL,0,NULL,NULL),
('C06C774D113F47D8A329C809A41FFD6B','删除','/xtEncoderqrcode/delete','/xtEncoderqrcode/delete',NULL,NULL,NULL,1,'9735261cfef64cfbb37bdefdac9e91f1',1,0,NULL,NULL,0,NULL,NULL),
('c07710d83de24a05ac5b32bf01250481','删除','/xtNotice/delete','/xtNotice/delete',NULL,NULL,NULL,1,'cfbfca046fbe4745bd7ba1d680e7ca4b',1,0,NULL,NULL,0,NULL,NULL),
('C0EE835A886A41F2B3F29262C0D9C984','添加','/xtSources/add','/xtSources/add',NULL,NULL,NULL,1,'3f8237bac16b4ce1b0104e005d62c18f',1,0,NULL,NULL,0,NULL,NULL),
('c16b98d66a96449782453d8c8e2513f9','删除','/xtDepartinfo/delete','/xtDepartinfo/delete',NULL,NULL,NULL,1,'3c87dce9bdbd4dfda119ae47d138ca6b',1,0,NULL,NULL,0,NULL,NULL),
('c1b175a7778e4a3d9c839e2eba7f4fa7','删除','/xtOperateBusinessLogs/delete','/xtOperateBusinessLogs/delete',NULL,NULL,0,1,'2c49f1de3b3c4c789f7e0c9afeca6711',1,0,NULL,NULL,0,NULL,NULL),
('C26024E9D4FB4672BB3FDAF76B7CB6E5','同步至授权中心','/xtUserinfo/syncOauth','/xtUserinfo/syncOauth',NULL,NULL,0,1,'4131bd23b4b24d6d885944b5de78f271',1,0,NULL,NULL,0,NULL,NULL),
('C304D545606341588186822AA0EE4871','删除','/xtKwords/delete','/xtKwords/delete',NULL,NULL,NULL,1,'32E8B86742F844E9BB0C442DB64D1C26',1,0,NULL,NULL,0,NULL,NULL),
('C36CC09AB03B48D0B90C6C300FB8DAC8','删除','/solrSchemaTemplet/delete','/solrSchemaTemplet/delete',NULL,NULL,NULL,1,'141ece357426499ab5fad6f797940d5a',1,0,NULL,NULL,0,NULL,NULL),
('C6374F22235E446DACBDA627964E2EEC','同步账户','/oauthAccount/sync','/oauthAccount/sync',NULL,NULL,0,1,'35C2747A976043949C56919AF39BB10A',1,0,NULL,NULL,0,NULL,NULL),
('C6608D8DA4134ACBBDA2B7975DCFD2A6','添加','/solrIndex/add','/solrIndex/add',NULL,NULL,NULL,1,'410c671656fd49c5bafacfea5e808ffd',1,0,NULL,NULL,0,NULL,NULL),
('c805a2dcedd748019c27b690b1b2776e','单表快速生成、一对多快速生成','/xtGenerator/add','/xtGenerator/add',NULL,NULL,NULL,1,'46df77e0a60c4bb18ce08978a1e258f8',1,0,NULL,NULL,0,NULL,NULL),
('C87F0CFF708F4B1A9EA013A7AE8608AE','新增','/hospitalLevel/add','/hospitalLevel/add',NULL,NULL,0,1,'48651DD6BFC34F4B937373D92D9CBEB6',1,0,NULL,NULL,0,NULL,NULL),
('c8aec23e4b224e819c17473d3373e6b1','创建索引','/xtDbStructure/addXtDbTableIndex','/xtDbStructure/addXtDbTableIndex',NULL,NULL,NULL,1,'7f6c9a9f54844e93aca3733503bc5376',1,0,NULL,NULL,0,NULL,NULL),
('C8CD50384B40436E9624541391930EB1','添加','/lcProcess/add','/lcProcess/add',NULL,NULL,NULL,1,'898CCCFED97941AC89E0DC15D89D9F77',1,0,NULL,NULL,0,NULL,NULL),
('C94873487D50439C8AED4AC0CC97168C','初始化默认设置','/xtDataAuthority/addDefault','/xtDataAuthority/addDefault',NULL,NULL,NULL,1,'68d96506c3854c849c9dad79f1f9dbbf',1,0,NULL,NULL,0,NULL,NULL),
('CA5E8D9BB1B94BC9855254AEDE6329C6','添加','/oauthAccount/add','/oauthAccount/add',NULL,NULL,0,1,'35C2747A976043949C56919AF39BB10A',1,0,NULL,NULL,0,NULL,NULL),
('CB0BE6977D1E404AB3C1AD0FCC4ABF38','删除','/xtCache/delete','/xtCache/delete',NULL,NULL,NULL,1,'107933138F0F4C8093D6026889A6AF36',1,0,NULL,NULL,0,NULL,NULL),
('CC11D0954F9D4379B47C9C1CCBF8546B','删除','/hospitalLevel/delete','/hospitalLevel/delete',NULL,NULL,0,1,'48651DD6BFC34F4B937373D92D9CBEB6',1,0,NULL,NULL,0,NULL,NULL),
('cd4ee846fdab4dc7bec070c187aa125e','添加','/xtPath/add','/xtPath/add',NULL,NULL,NULL,1,'6417e7bbddec495284a727a016709e3f',1,0,NULL,NULL,0,NULL,NULL),
('cebc283587604c46a53563e7f14abb37','添加','/xtDepartinfo/add','/xtDepartinfo/add',NULL,NULL,NULL,1,'3c87dce9bdbd4dfda119ae47d138ca6b',1,0,NULL,NULL,0,NULL,NULL),
('CFBD075892BE441CAD812B02D5138D9B','激活流程实例(开启流程实例)','/lcProcess/activateProcessInstanceById','/lcProcess/activateProcessInstanceById',NULL,NULL,NULL,1,'898CCCFED97941AC89E0DC15D89D9F77',1,0,NULL,NULL,0,NULL,NULL),
('cff307ca31794b1aa756b7c9e01822c7','导入用户','/oauthRole/addOauthUR','/oauthRole/addOauthUR',NULL,NULL,0,1,'e8e3356d2d48414592453e911bf61a09',1,0,NULL,NULL,0,NULL,NULL),
('D043C66F23E54071A49BDFBFB5E7CCDE','删除','/lcApproval/delete','/lcApproval/delete',NULL,NULL,NULL,1,'24138f7e47c942878370c4f62e4e3a51',1,0,NULL,NULL,0,NULL,NULL),
('D23C1F0961E94A48B9943389ACD3313B','修改','/hospital/update','/hospital/update',NULL,NULL,0,1,'164CBFE44FA641BDAC6BEC89C41E8443',1,0,NULL,NULL,0,NULL,NULL),
('D2AB0092AEBA47F6A60CBF607865BE79','编辑','/omp/redisConfig/update','/omp/redisConfig/update',NULL,NULL,0,1,'7E63BDEB1D184053B3B3F97C43960FB6',NULL,0,NULL,NULL,0,NULL,NULL),
('d2f4246bc2b2408bb7e0d443f06320c1','修改','/xtDepartinfo/update','/xtDepartinfo/update',NULL,NULL,NULL,1,'3c87dce9bdbd4dfda119ae47d138ca6b',1,0,NULL,NULL,0,NULL,NULL),
('D314EB0BF6584B97AB36071137A0169E','删除','/graphPel/delete','/graphPel/delete',NULL,NULL,0,1,'EB67CD25AC154E57B77381958C52AED4',1,0,NULL,NULL,0,NULL,NULL),
('D4AE61CF6A3F48F3B648C344D6125D02','添加','/oauthAccountType/add','/oauthAccountType/add',NULL,NULL,0,1,'020785C37F8B4B60B834B13C575847BB',1,0,NULL,NULL,0,NULL,NULL),
('D6091C16014D4F2D9EC63C5110557DCE','修改','/solrFiledCopy/update','/solrFiledCopy/update',NULL,NULL,NULL,1,'410c671656fd49c5bafacfea5e808ffd',1,0,NULL,NULL,0,NULL,NULL),
('D6F235B507424E57AA08D959C4B26F82','修改','/lcApply/update','/lcApply/update',NULL,NULL,NULL,1,'3603F5777E7E42BFA83E8446F6A64FFB',1,0,NULL,NULL,0,NULL,NULL),
('D74015A3ECD94ECB87B7A73EA37AB5D0','修改','/xtFunctioninfo/update','/xtFunctioninfo/update',NULL,NULL,NULL,1,'754A59BF228F4E9D8966E8C7EA456079',1,0,NULL,NULL,0,NULL,NULL),
('d785f8735cee44c3a2e3aff587af0d1b','添加','/xtPost/add','/xtPost/add',NULL,NULL,NULL,1,'7f3ffbda4a854d8583e977e474301b0d',1,0,NULL,NULL,0,NULL,NULL),
('D9224438BBDE4437A0306AF2EBE7CC9C','编辑','/dynamicRouteModules/update','/dynamicRouteModules/update',NULL,NULL,0,1,'ADFFAB8ED2B548279BAC7678338A520C',NULL,0,NULL,NULL,0,NULL,NULL),
('DB07884043F44B23B0258E9AC80016ED','完成任务','/lcTask/completeTask','/lcTask/completeTask',NULL,NULL,NULL,1,'A6BE44FB75C8475786F936C36D086E07',1,0,NULL,NULL,0,NULL,NULL),
('DB5360F06B4149C8BF16619D6F2F0434','向组任务中删除成员','/lcTask/deleteGroupUser','/lcTask/deleteGroupUser',NULL,NULL,NULL,1,'A6BE44FB75C8475786F936C36D086E07',1,0,NULL,NULL,0,NULL,NULL),
('dbc9626f99a84947a21972d83e76fab7','移除用户','/oauthRole/delOauthUR','/oauthRole/delOauthUR',NULL,NULL,0,1,'e8e3356d2d48414592453e911bf61a09',1,0,NULL,NULL,0,NULL,NULL),
('dbfd0848310e4c638da9d87261aa092c','删除','/xtKnowledge/delete','/xtKnowledge/delete',NULL,NULL,NULL,1,'3756a37dc9d14c3e992e4fa8925cf456',1,0,NULL,NULL,0,NULL,NULL),
('DC04730E00FD476580B416990DECB78A','挂起流程实例（可作为撤销流程）','/lcProcess/suspendProcessInstanceById','/lcProcess/suspendProcessInstanceById',NULL,NULL,NULL,1,'898CCCFED97941AC89E0DC15D89D9F77',1,0,NULL,NULL,0,NULL,NULL),
('DC9C5BFAD0C34EFE8FF84F0EB14C3929','清空部门','/xtDataAuthority/deleteDepart','/xtDataAuthority/deleteDepart',NULL,NULL,NULL,1,'68d96506c3854c849c9dad79f1f9dbbf',1,0,NULL,NULL,0,NULL,NULL),
('E12C666EE823412E8EAD778925793E75','剔除','/oauthOnline/delete','/oauthOnline/delete',NULL,NULL,0,1,'7648605739FC431781BEB2A47DA2E1AC',1,0,NULL,NULL,0,NULL,NULL),
('e2e06723865843bd989a51522c1eff05','修改','/xtUserinfo/update','/xtUserinfo/update',NULL,NULL,NULL,1,'4131bd23b4b24d6d885944b5de78f271',1,0,NULL,NULL,0,NULL,NULL),
('E35F7D95313B4EEBB797AB9916FB8722','删除','/xtVersion/delete','/xtVersion/delete',NULL,NULL,NULL,1,'3bc51b11a7ff4d25a80987d2437c65b1',1,0,NULL,NULL,0,NULL,NULL),
('E5688CE613AB43D3B73D4B4B01A0722F','编辑','/lcProcess/update','/lcProcess/update',NULL,NULL,0,1,'898CCCFED97941AC89E0DC15D89D9F77',1,0,NULL,NULL,0,NULL,NULL),
('E572E3C9E4734F3482D29432D9AB596A','删除','/logStartStop/delete','/logStartStop/delete',NULL,NULL,0,0,'7f385a2af6f44ebdb19d625a2c729f36',1,0,NULL,NULL,0,NULL,NULL),
('E5AF1B88B3BA4D068191D071CD2655C2','编辑','/oauthKeyInfo/update','/oauthKeyInfo/update',NULL,NULL,0,1,'2C9D79ABB8E643D8BC4AEE63FE5EEE3A',1,0,NULL,NULL,0,NULL,NULL),
('E71579D48833404FA063C4C1B2CB2869','删除','/xtIpFrozen/delete','/xtIpFrozen/delete',NULL,NULL,NULL,1,'a2b9d38e429d4ac9aa3d7106217632b0',1,0,NULL,NULL,0,NULL,NULL),
('E8B243AE90D64EB58850F1D89C44EF74','添加','/solrFiledCopy/add','/solrFiledCopy/add',NULL,NULL,NULL,1,'410c671656fd49c5bafacfea5e808ffd',1,0,NULL,NULL,0,NULL,NULL),
('E8D7E194D40D4AE494E09607395E90E5','删除','/xtQuartzSet/delete','/xtQuartzSet/delete',NULL,NULL,NULL,1,'0430c1afc6f04b58b86777137bbd3cce',1,0,NULL,NULL,0,NULL,NULL),
('E8EB937E428C418B9C3EB6E92D231D30','添加','/solrEntity/add','/solrEntity/add',NULL,NULL,NULL,1,'410c671656fd49c5bafacfea5e808ffd',1,0,NULL,NULL,0,NULL,NULL),
('E93576B498F041CCB9EB040746234D7D','添加','/oauthAdmin/add','/oauthAdmin/add',NULL,NULL,0,1,'94FD198653E441C69E4AE1326B39F4EC',1,0,NULL,NULL,0,NULL,NULL),
('E9F56707AC5044C5912AC85011D89C13','删除','/xtMonitor/delete','/xtMonitor/delete',NULL,NULL,NULL,1,'ff3b7eaf853c494ab91f3ce42c20ab68',1,0,NULL,NULL,0,NULL,NULL),
('EA2F93EBDDF14F499F98E6FBF50C1E3F','添加','/xtScript/add','/xtScript/add',NULL,NULL,NULL,1,'452f0aec61244de6ae92f7681b64b440',1,0,NULL,NULL,0,NULL,NULL),
('ea62ab7851804c75ab3651559f0b3ffd','添加','/xtKnowledge/add','/xtKnowledge/add',NULL,NULL,NULL,1,'3756a37dc9d14c3e992e4fa8925cf456',1,0,NULL,NULL,0,NULL,NULL),
('EB37FCCE94C948BB90D193B6885581E1','删除','/oauthFunctionInfo/delete','/oauthFunctionInfo/delete',NULL,NULL,0,1,'56d3ca9d0aaf4799870d5c0cb6ef0efd',1,0,NULL,NULL,0,NULL,NULL),
('EE8B9720D59A4CCEB6A255E02BDA8324','重启任务','/xtQuartzSet/restart','/xtQuartzSet/restart',NULL,NULL,NULL,1,'0430c1afc6f04b58b86777137bbd3cce',1,0,NULL,NULL,0,NULL,NULL),
('efd3257ae32142a6a4db8910cfe5cc9a','添加','/xtSms/add','/xtSms/add',NULL,NULL,NULL,1,'eb5d6453fd3b47b6bed129dcb62f4d1c',1,0,NULL,NULL,0,NULL,NULL),
('F11366339C464F58A1309C031E60FE37','删除','/xtMonitorMem/delete','/xtMonitorMem/delete',NULL,NULL,NULL,1,'735a4b758492428da6e746674bf35536',1,0,NULL,NULL,0,NULL,NULL),
('F126A59D18DE4588A310842E9F81BDF8','删除','/jobConfig/delete','/jobConfig/delete',NULL,NULL,0,1,'2a66363287144d9b8bec235b0a27ee2f',1,0,NULL,NULL,0,NULL,NULL),
('F20F7479FEAA498BBBAD297B3A003B2F','删除','/solrFiledCopy/delete','/solrFiledCopy/delete',NULL,NULL,NULL,1,'410c671656fd49c5bafacfea5e808ffd',1,0,NULL,NULL,0,NULL,NULL),
('F24DFF7FC4494C8DAE4B070856E734BF','删除','/xtChangePwd/delete','/xtChangePwd/delete',NULL,NULL,NULL,1,'7D94CC39C8164892A398CF65A8F94F36',1,0,NULL,NULL,0,NULL,NULL),
('f2dda190445b4c82a2fffe14bd4f0790','修改','/xtNotice/update','/xtNotice/update',NULL,NULL,NULL,1,'cfbfca046fbe4745bd7ba1d680e7ca4b',1,0,NULL,NULL,0,NULL,NULL),
('f45e4c5820d947a6a2dd65512d2c8a6b','删除','/xtUnit/delete','/xtUnit/delete',NULL,NULL,NULL,1,'e9b46be997d441b6a250f4fb3d7d55a8',1,0,NULL,NULL,0,NULL,NULL),
('F460EBC750654D17BE87B1431D23F398','编辑','/formDesign/update','/formDesign/update',NULL,NULL,0,1,'939FEAE998194F87B12C636516EDF54D',1,0,NULL,NULL,0,NULL,NULL),
('F4843A7B391F4C9B8D8B940EE6FD0D28','添加','/xtFunctioninfoCommon/add','/xtFunctioninfoCommon/add',NULL,NULL,NULL,1,'754A59BF228F4E9D8966E8C7EA456079',1,0,NULL,NULL,0,NULL,NULL),
('F6E7F789A3214199978270FC6A73D7E8','按岗位添加','/xtDataAuthority/addPost','/xtDataAuthority/addPost',NULL,NULL,NULL,1,'68d96506c3854c849c9dad79f1f9dbbf',1,0,NULL,NULL,0,NULL,NULL),
('F78691E0D18041ADADF0232B116462D5','删除','/xtSources/delete','/xtSources/delete',NULL,NULL,NULL,1,'3f8237bac16b4ce1b0104e005d62c18f',1,0,NULL,NULL,0,NULL,NULL),
('F7DD6357342D420EBCEC07860B5E87CD','添加','/lcApply/add','/lcApply/add',NULL,NULL,NULL,1,'3603F5777E7E42BFA83E8446F6A64FFB',1,0,NULL,NULL,0,NULL,NULL),
('f8fa6580da80407e8420be9eddcd845b','删除','/xtPath/delete','/xtPath/delete',NULL,NULL,NULL,1,'6417e7bbddec495284a727a016709e3f',1,0,NULL,NULL,0,NULL,NULL),
('f93c1a7a5ae847d8808fa1fe6eadf202','列表','/xtAttachment/list','/xtAttachment/list',NULL,NULL,NULL,0,'d55a02b63e254bd190a7aec70b004801',1,0,NULL,NULL,0,NULL,NULL),
('F9C4C4438A0E46CCA8B4C05D45B85449','修改','/xtAreaRegion/update','/xtAreaRegion/update',NULL,NULL,NULL,1,'74A9B9B8E62D40A2A2A9C261E3723107',1,0,NULL,NULL,0,NULL,NULL),
('FB1791CA8568401AA78FE3CA8BBCBEEA','添加','/graphDesign/saveGraphSite','/graphDesign/saveGraphSite',NULL,NULL,0,1,'B33BE68BEE814326A87452FE1F9452A6',1,0,NULL,NULL,0,NULL,NULL),
('FC68CE9F063E4F118EEC8273C6067B64','添加','/oauthFunctionCommon/add','/oauthFunctionCommon/add',NULL,NULL,0,1,'754A59BF228F4E9D8966E8C7EA456079',1,0,NULL,NULL,0,NULL,NULL),
('fc87179e39fb44338fc219c7dca80eae','删除','/xtUserinfo/delete','/xtUserinfo/delete',NULL,NULL,NULL,1,'4131bd23b4b24d6d885944b5de78f271',1,0,NULL,NULL,0,NULL,NULL),
('FD134EE8655D4E3A868D5BBB425EFAC0','冻结','/oauthAccount/freeze','/oauthAccount/freeze',NULL,NULL,0,1,'35C2747A976043949C56919AF39BB10A',1,0,NULL,NULL,0,NULL,NULL),
('fee31bbeeb36429d9e63bd57fbf92372','添加','/oauthRole/add','/oauthRole/add',NULL,NULL,0,1,'e8e3356d2d48414592453e911bf61a09',1,0,NULL,NULL,0,NULL,NULL),
('FF719646891449148346DB7850F2F5D3','删除','/scms/monitorCpu/delete','/scms/monitorCpu/delete',NULL,NULL,0,1,'C49FD60E3EC846EAA8634550852D7028',NULL,0,NULL,NULL,0,NULL,NULL),
('fff8378f337a49958d606b02d2b87ad5','修改','/oauthRole/update','/oauthRole/update',NULL,NULL,0,1,'e8e3356d2d48414592453e911bf61a09',1,0,NULL,NULL,0,NULL,NULL);

/*Table structure for table `oauth_function_role` */

DROP TABLE IF EXISTS `oauth_function_role`;

CREATE TABLE `oauth_function_role` (
  `function_role_id` varchar(32) NOT NULL,
  `function_info_id` varchar(32) NOT NULL COMMENT '功能ID外键',
  `role_id` varchar(32) NOT NULL COMMENT '角色ID外键',
  `resources_id` varchar(32) NOT NULL COMMENT '资源ID外键',
  PRIMARY KEY (`function_role_id`)
) ENGINE=InnoDB DEFAULT CHARSET=utf8 COMMENT='授权中心功能对角色';

/*Data for the table `oauth_function_role` */

insert  into `oauth_function_role`(`function_role_id`,`function_info_id`,`role_id`,`resources_id`) values 
('013A545217724A4295FC58023943B7C9','C8CD50384B40436E9624541391930EB1','5F1CBDC6E4D548FEAA9E107F0882392E','898CCCFED97941AC89E0DC15D89D9F77'),
('01F4A0D9A53D4D5C97F35F0028796F18','dbfd0848310e4c638da9d87261aa092c','C63BB170B64C40D08F4FB153C0487715','3756a37dc9d14c3e992e4fa8925cf456'),
('09D03FD3791748DB9748CBFDDCB34625','b4990eb6264b4572870d7e70bd67f4eb','F5896443E07149EEB9C68F48BE1A8386','896926f7f84a4270a3a2036e971bdcce'),
('0AEE735EA228445EBF606A25B409FEB7','8F7B553531134E73AD42A13629D8B792','FF0D594E22E14A699999473DF24838A6','28C160C91C764D679FD86F84258BB335'),
('0B57154B78A7463480C27EB2A0200135','241870713F594B5B8D81DCDD7986D641','38A4F77E2DC0405EA1F8AC19FBE4F05D','BECF6C15E6A6495790D2209F5F4C8F22'),
('0ED5E31D1DED475BAF9DE4674187B99F','511904C58D664482A621838F1B265B4C','BD05E23AE3E441499029DC336B447970','EB67CD25AC154E57B77381958C52AED4'),
('1273A37F84EE4F28B3C803A652394B81','f2dda190445b4c82a2fffe14bd4f0790','C63BB170B64C40D08F4FB153C0487715','cfbfca046fbe4745bd7ba1d680e7ca4b'),
('1277C8D6629D4A2B8C275EAA80574233','494fc5c8bfb44025b2f5806f914f38da','F5896443E07149EEB9C68F48BE1A8386','d7821b3b6f1a4a6699b2b5726baa41f9'),
('139657AD68DB4526B1E1EEC1834E1B61','1A3D50B07DE74F87BCD3F3F410901577','3787CE256D064961BABD20178A5F9441','2a66363287144d9b8bec235b0a27ee2f'),
('16D9A7036F964D248EC2AB4BEACA244B','D9224438BBDE4437A0306AF2EBE7CC9C','45372F2A975E48EE9FA91680D65743B1','ADFFAB8ED2B548279BAC7678338A520C'),
('185FEE5092C8470C884A8AA4B182647B','CC11D0954F9D4379B47C9C1CCBF8546B','38A4F77E2DC0405EA1F8AC19FBE4F05D','48651DD6BFC34F4B937373D92D9CBEB6'),
('1A1C090CAAED49F3ABAE59EEC98B58B6','d785f8735cee44c3a2e3aff587af0d1b','C63BB170B64C40D08F4FB153C0487715','7f3ffbda4a854d8583e977e474301b0d'),
('1F6013E104164F94AF7D8D87901103DD','BF043E9D3A2E454188F673CB34E7215B','38A4F77E2DC0405EA1F8AC19FBE4F05D','164CBFE44FA641BDAC6BEC89C41E8443'),
('20DC770176ED4E33B5419E7B24D90069','497E878C035A4A0F984DD130207D5A7A','3787CE256D064961BABD20178A5F9441','0430c1afc6f04b58b86777137bbd3cce'),
('22CE86D1F8EE445B92E746F15A802128','c16b98d66a96449782453d8c8e2513f9','C63BB170B64C40D08F4FB153C0487715','3c87dce9bdbd4dfda119ae47d138ca6b'),
('23A40F629EE840F29DB52B4FA7336B6D','C26024E9D4FB4672BB3FDAF76B7CB6E5','C63BB170B64C40D08F4FB153C0487715','4131bd23b4b24d6d885944b5de78f271'),
('25FC7AD5B28B4552AB6ED52F98C603C1','856D972C80CB48088F0E49075C5AB408','3787CE256D064961BABD20178A5F9441','0430c1afc6f04b58b86777137bbd3cce'),
('2A67B68CC3634E8A98330BBD164F6805','b8edc42c4e434b6389a249d291f54511','E381967F7ED74927B1BEA38B39C2543D','d55a02b63e254bd190a7aec70b004801'),
('2ADD7C1361834098BE714207668B288E','49F1345A276C45B89DA631FD021E982C','45372F2A975E48EE9FA91680D65743B1','ADFFAB8ED2B548279BAC7678338A520C'),
('2C6B9A8419344071A6373F4FB5E92EC5','41cd2c23980e4650967a769b1c8a8cee','C63BB170B64C40D08F4FB153C0487715','cfbfca046fbe4745bd7ba1d680e7ca4b'),
('2EFDBF6EDE564919A47A52684330C7F8','d2f4246bc2b2408bb7e0d443f06320c1','C63BB170B64C40D08F4FB153C0487715','3c87dce9bdbd4dfda119ae47d138ca6b'),
('2F261B7ED5F04AA39FA1A89D248D6A13','A3D897AA5DE441C7B0E3B60CDD93707C','C63BB170B64C40D08F4FB153C0487715','4131bd23b4b24d6d885944b5de78f271'),
('349B66DF12CC469D8C22F8F94EDBE1A3','22E3756D44484718B0A6262E0E9AAFA4','45372F2A975E48EE9FA91680D65743B1','8FF49348E3CF4BB184503ED5BA605301'),
('3636F2E02CEC4815895812AD1F4F1C37','dbc9626f99a84947a21972d83e76fab7','BA751D67EDEE4C0FB187F70D42E7CBBA','e8e3356d2d48414592453e911bf61a09'),
('37374C68FBED46F0BA190F7521436129','9E0550457BD3452C81015F682187C776','5F1CBDC6E4D548FEAA9E107F0882392E','898CCCFED97941AC89E0DC15D89D9F77'),
('3908C704C2614EA1AE2EC85DA0C7C220','b98e22bf7b8d4b0bb25e3ffaf63eb148','E381967F7ED74927B1BEA38B39C2543D','d55a02b63e254bd190a7aec70b004801'),
('393F9AB6621C40CEB3F460ABC0E7B0FA','7BC744A4366547429BAA63951B452556','B418B08FFF71424CB379F0935BBE5117','51408C8D5A0042D0B2477DA66E008677'),
('3C3FBC9F566D478DAEE44B462A059CC2','5E2F6404DA434F9F872C4C4929B6A350','45372F2A975E48EE9FA91680D65743B1','8FF49348E3CF4BB184503ED5BA605301'),
('3E7B55756CB043ABB493FAB3FFB0D2E6','CFBD075892BE441CAD812B02D5138D9B','5F1CBDC6E4D548FEAA9E107F0882392E','898CCCFED97941AC89E0DC15D89D9F77'),
('414074FBD7064D01A360467C4932AF6D','8BB16C0C8C2646D4A63AD8BF775DA67A','C63BB170B64C40D08F4FB153C0487715','5b804105a18f42d087b2b5d302d14a30'),
('4824C55F4F2C4445B6104CEE65473DED','394990adbbf1463ea2fd288f1833a66b','C63BB170B64C40D08F4FB153C0487715','7f3ffbda4a854d8583e977e474301b0d'),
('49CCA230A21341D588F87980B77317EB','fc87179e39fb44338fc219c7dca80eae','C63BB170B64C40D08F4FB153C0487715','4131bd23b4b24d6d885944b5de78f271'),
('4A8A5211503B4D52B77E349C9DE0BE2A','7DA6CF22CCD44B2A96815C84CC74D366','38A4F77E2DC0405EA1F8AC19FBE4F05D','164CBFE44FA641BDAC6BEC89C41E8443'),
('4B87DBBE658E41B59E1C798B917F9F12','04031B3AACB54913899BCA88DF6E7AA6','BD05E23AE3E441499029DC336B447970','C9C9B1827D074479AEECE4FE33CCCD49'),
('574B1FB28C064EA8BC435220257D1C42','D043C66F23E54071A49BDFBFB5E7CCDE','5F1CBDC6E4D548FEAA9E107F0882392E','24138f7e47c942878370c4f62e4e3a51'),
('5B186CC9CBD841379E0D2D974E333B5B','23DBA42F586442FEB5D5748007F8DC6E','38A4F77E2DC0405EA1F8AC19FBE4F05D','BECF6C15E6A6495790D2209F5F4C8F22'),
('5B5D1946B6FF409A9DA2971AAA7C893E','0683F0045E8B4CC4A971266460D0A901','F5896443E07149EEB9C68F48BE1A8386','E0363BA91F3D4BA0B8DB53BCC8A946D0'),
('5C99666E2E4340159CE505BAC8CEB9C4','A996B4164EA24316A9529D6A5036F320','D494FEA289034A9F88C960004B0E3084','e8e3356d2d48414592453e911bf61a09'),
('605DDE90A18F4E86B6F9C5019D12CD61','F126A59D18DE4588A310842E9F81BDF8','3787CE256D064961BABD20178A5F9441','2a66363287144d9b8bec235b0a27ee2f'),
('60A4428F8BC64231B3280F80F8311E30','bd7ef9db574745c88e00d6e5730ee241','C63BB170B64C40D08F4FB153C0487715','4131bd23b4b24d6d885944b5de78f271'),
('610E624F66CC4148ACC2BD27A3FAEA55','16893A245BDB4EA3A0D2D0A374D4B6AB','45372F2A975E48EE9FA91680D65743B1','ADFFAB8ED2B548279BAC7678338A520C'),
('63459272702B4D91A745BD51616E20DA','FD134EE8655D4E3A868D5BBB425EFAC0','BA751D67EDEE4C0FB187F70D42E7CBBA','35C2747A976043949C56919AF39BB10A'),
('66176F63125C40DF90EA3BE7CFF70A31','fff8378f337a49958d606b02d2b87ad5','BA751D67EDEE4C0FB187F70D42E7CBBA','e8e3356d2d48414592453e911bf61a09'),
('68BB5B4786254CD59B9737FCC44D6ADC','9DA154911B6844CC963023F40CAE309C','C63BB170B64C40D08F4FB153C0487715','5b804105a18f42d087b2b5d302d14a30'),
('6930532084B74EE0804C28023EA310EF','D23C1F0961E94A48B9943389ACD3313B','38A4F77E2DC0405EA1F8AC19FBE4F05D','164CBFE44FA641BDAC6BEC89C41E8443'),
('6DE10EFD62E7451C9FD06C48AD1165E2','cff307ca31794b1aa756b7c9e01822c7','BA751D67EDEE4C0FB187F70D42E7CBBA','e8e3356d2d48414592453e911bf61a09'),
('76C453AC2B63410BB8186EE8C3EFCF26','cebc283587604c46a53563e7f14abb37','C63BB170B64C40D08F4FB153C0487715','3c87dce9bdbd4dfda119ae47d138ca6b'),
('774FBA1196D2476DA903B755308B1BC0','5D5B2243726C4FE9AB395E4479A985D0','B418B08FFF71424CB379F0935BBE5117','51408C8D5A0042D0B2477DA66E008677'),
('7780E1BC7512431F921784CDB5B4CA77','fee31bbeeb36429d9e63bd57fbf92372','BA751D67EDEE4C0FB187F70D42E7CBBA','e8e3356d2d48414592453e911bf61a09'),
('7A6D49498249461D9CA53624E99AF8DC','6F011FE39C0B4C27A98C210F1BE11910','5F1CBDC6E4D548FEAA9E107F0882392E','898CCCFED97941AC89E0DC15D89D9F77'),
('82596B041EA84B66833AD296F5773CCD','BE4229FFBF62450B8746718F42B20DC2','C63BB170B64C40D08F4FB153C0487715','4131bd23b4b24d6d885944b5de78f271'),
('82F6F93588FF4D219BFF513223A269A5','4250B51384924F97BE833861B010AFFC','38A4F77E2DC0405EA1F8AC19FBE4F05D','BECF6C15E6A6495790D2209F5F4C8F22'),
('84B688D53D0F4585B5417DD2286CAF95','e2e06723865843bd989a51522c1eff05','C63BB170B64C40D08F4FB153C0487715','4131bd23b4b24d6d885944b5de78f271'),
('862DC4CD6EC34FBD81DCA5111E78177E','EE8B9720D59A4CCEB6A255E02BDA8324','3787CE256D064961BABD20178A5F9441','0430c1afc6f04b58b86777137bbd3cce'),
('89649EF293164F2FB8B30AF26D559AFC','0AF09871C33F4BF8A6E48B7ADBF775EF','45372F2A975E48EE9FA91680D65743B1','8FF49348E3CF4BB184503ED5BA605301'),
('8B2830E9972544BC987A28960507F4ED','4EAD59E3FC1B45068F351322CA792997','3787CE256D064961BABD20178A5F9441','0430c1afc6f04b58b86777137bbd3cce'),
('8B7313B3BBA5461C8D754301B128623C','208792B0ABB849BF8FF2B781C16899C3','3787CE256D064961BABD20178A5F9441','750504673572457881110F63DAC98A0D'),
('905C356D5E6D41888ACA1E77DA787695','3F8141E2A45B45DA84DAE2B4C0CC0486','5F1CBDC6E4D548FEAA9E107F0882392E','898CCCFED97941AC89E0DC15D89D9F77'),
('9722DDA5B4B04C35A4F9A06A16398CF8','c07710d83de24a05ac5b32bf01250481','C63BB170B64C40D08F4FB153C0487715','cfbfca046fbe4745bd7ba1d680e7ca4b'),
('A51F86A57F8543C7A9A7158FCA8650BC','E5688CE613AB43D3B73D4B4B01A0722F','5F1CBDC6E4D548FEAA9E107F0882392E','898CCCFED97941AC89E0DC15D89D9F77'),
('A652F18E407B4275B5295385710F52A1','FB1791CA8568401AA78FE3CA8BBCBEEA','BD05E23AE3E441499029DC336B447970','B33BE68BEE814326A87452FE1F9452A6'),
('A656E7D1C1B2466EADE314DC3BDA5666','5eb5e850629f492a88340e1d1802d6b0','C63BB170B64C40D08F4FB153C0487715','657e88dd46b8439e87bb240b40ef5ec0'),
('AB184290BF7948F88E4531B1BAA7AD9F','1B74BE92F9AE4A8195278A96BE93FC51','3787CE256D064961BABD20178A5F9441','0430c1afc6f04b58b86777137bbd3cce'),
('ABE08E8CC0EC404FAD745A1AAB3D5CA5','7DA3555600914C05A17A346DE53EA62F','C63BB170B64C40D08F4FB153C0487715','AB980AC7335B4EE099481895A4A3B6EC'),
('AE18861389ED49FC9CE4E3197B2CF607','8A58E871ADF94A73A4A0D7B0B7FD831C','38A4F77E2DC0405EA1F8AC19FBE4F05D','48651DD6BFC34F4B937373D92D9CBEB6'),
('AFC17A4A4AAC40ABB0C14E96FCCD0C48','6ca22a93bcb745398ae812276f9f9334','C63BB170B64C40D08F4FB153C0487715','7f3ffbda4a854d8583e977e474301b0d'),
('B73CEB3E21C141F1A6DEC8D3DF06C204','73AB8B77AA1D47C0A8A36A85A6170777','45372F2A975E48EE9FA91680D65743B1','8FF49348E3CF4BB184503ED5BA605301'),
('B7A02E8BB6804DF1B150B2D5B03D4FC7','369E7C14771C4396BDC6441D83FFDD4A','3787CE256D064961BABD20178A5F9441','0430c1afc6f04b58b86777137bbd3cce'),
('BC3B1DC922F34260BC790D6632B3C454','9bc799e483b244efb7b35d0e19ab8c9f','BA751D67EDEE4C0FB187F70D42E7CBBA','e8e3356d2d48414592453e911bf61a09'),
('BCDE42EDFB0E481DB14523A313CDDB3E','9A42F0528B3645F7BC84F708F3A6A114','5F1CBDC6E4D548FEAA9E107F0882392E','898CCCFED97941AC89E0DC15D89D9F77'),
('BD148E66B80D42869D7FE5CE772E159B','0D0BE647AF574D4A885DEC179FBD18BA','5F1CBDC6E4D548FEAA9E107F0882392E','898CCCFED97941AC89E0DC15D89D9F77'),
('BFE6B4E71FD342768715FEFD676B188E','BFDC38E6BC5647018B456BD992F83253','BA751D67EDEE4C0FB187F70D42E7CBBA','35C2747A976043949C56919AF39BB10A'),
('C02838E1305846669443915914572638','D314EB0BF6584B97AB36071137A0169E','BD05E23AE3E441499029DC336B447970','EB67CD25AC154E57B77381958C52AED4'),
('C0B3F537941244E0968ADBB68678EE15','C87F0CFF708F4B1A9EA013A7AE8608AE','38A4F77E2DC0405EA1F8AC19FBE4F05D','48651DD6BFC34F4B937373D92D9CBEB6'),
('C8480823E35348DC8D8F733D302FB12C','0B50B2B5C60C43629A7ED0E806528944','FF0D594E22E14A699999473DF24838A6','28C160C91C764D679FD86F84258BB335'),
('CCC916A9517F492A9BBEC0A678C4CF83','8BB16C0C8C2646D4A63AD8BF775DA67B','C63BB170B64C40D08F4FB153C0487715','5b804105a18f42d087b2b5d302d14a30'),
('CDD8385818A240AD83F34DF5E068E050','13720122F1B9435EA49573F9B07A54F1','3787CE256D064961BABD20178A5F9441','0430c1afc6f04b58b86777137bbd3cce'),
('D06CCF5BB0134842AF4939FAC9D694AC','305E300DEED74A27AD57CC960DE8D4EE','3787CE256D064961BABD20178A5F9441','2a66363287144d9b8bec235b0a27ee2f'),
('D305D5C92E074697B6BC654DE3CC2C8A','5E0B9A33119646C1A79342CBBD3C3887','BD05E23AE3E441499029DC336B447970','086F33002934452C8855F917DE58DA82'),
('D60CC8F0132E433EBB78ABF1F153021B','ea62ab7851804c75ab3651559f0b3ffd','C63BB170B64C40D08F4FB153C0487715','3756a37dc9d14c3e992e4fa8925cf456'),
('D641C6C85167415EB06ECF49E1F1B2DE','E8D7E194D40D4AE494E09607395E90E5','3787CE256D064961BABD20178A5F9441','0430c1afc6f04b58b86777137bbd3cce'),
('E736824F91C74A15B72E22C6A4DA5FAD','DC04730E00FD476580B416990DECB78A','5F1CBDC6E4D548FEAA9E107F0882392E','898CCCFED97941AC89E0DC15D89D9F77'),
('E7ABC7A408A34EE7B06C9C83C9363D4D','49d3151c55194bcebfd88ce07219799e','E381967F7ED74927B1BEA38B39C2543D','d55a02b63e254bd190a7aec70b004801'),
('E8A967F0DB154AB3ABE3E39D51C51AE9','469B59DE43054D27BA27EA7058BD284A','C63BB170B64C40D08F4FB153C0487715','AB980AC7335B4EE099481895A4A3B6EC'),
('EAD892F5C55C457A92C346FA3F30A8D1','b36b0ed3180f4871bb5bbcf3d1116ae5','F5896443E07149EEB9C68F48BE1A8386','63a8116913a449f3b93d936058303fa3'),
('F154297FF0904FB28B43397DA6A6FD68','4AB2D04E0E774CEEA5B9F1600977DF97','BD05E23AE3E441499029DC336B447970','EB67CD25AC154E57B77381958C52AED4'),
('F42AA38D9A8E454A8BB4EBAC6D295B22','2e537fb20795497b9ff5efc0ce5a8390','C63BB170B64C40D08F4FB153C0487715','3756a37dc9d14c3e992e4fa8925cf456'),
('F4CE8FF8470846AE878E119041A1B62D','314EF898DC02487D8C25ADDD5B5B2C5B','FF0D594E22E14A699999473DF24838A6','28C160C91C764D679FD86F84258BB335'),
('F7A02DCCCF374A8889C8590D2A625699','B95D0D67F162402DBCB1322647FEB415','BD05E23AE3E441499029DC336B447970','086F33002934452C8855F917DE58DA82'),
('F7A259D5F72A44AAB4F5A00041935833','62C7C94E8EB246248FE219B536D48F0A','45372F2A975E48EE9FA91680D65743B1','E7FDFC5CC4ED42EFAB15DA51E396BC9D'),
('F8D644E48806479697A4FDB1E069A8D8','A996B4164EA24316A9529D6A5036F320','BA751D67EDEE4C0FB187F70D42E7CBBA','e8e3356d2d48414592453e911bf61a09'),
('FB6B5121160F4243A3A9B231DF581182','5e0a53b7d18948edb5bbb7edfa05a83b','C63BB170B64C40D08F4FB153C0487715','4131bd23b4b24d6d885944b5de78f271'),
('FC4F3A8A6A9D4872A785E1027F102AC3','8883b048de4d461fbf8f84629d8c3bad','BA751D67EDEE4C0FB187F70D42E7CBBA','e8e3356d2d48414592453e911bf61a09'),
('FFE7F1AA42674712810DD301224FEB55','6085C029FF27426B92CA568F72D27FD5','5F1CBDC6E4D548FEAA9E107F0882392E','898CCCFED97941AC89E0DC15D89D9F77'),
('FFFC807AEA7F44D99B76F4D55BB506E3','70DC38D4CA44405E9BB22BCA54E9CA64','F5896443E07149EEB9C68F48BE1A8386','E20EEB0FA32F4350832D06532DC2A9E6');

/*Table structure for table `oauth_key_info` */

DROP TABLE IF EXISTS `oauth_key_info`;

CREATE TABLE `oauth_key_info` (
  `key_info_id` varchar(32) NOT NULL,
  `title` varchar(255) DEFAULT NULL COMMENT '标题',
  `key_name` varchar(100) NOT NULL COMMENT '名称',
  `key_pass` varchar(500) NOT NULL COMMENT '秘钥',
  `key_exp_date` datetime DEFAULT NULL COMMENT '有效期',
  `isUseExpDate` tinyint(4) DEFAULT NULL COMMENT '是否采用有效期默认False',
  `status` tinyint(4) DEFAULT NULL COMMENT '状态 正常/冻结/禁用',
  `remark` varchar(800) DEFAULT NULL COMMENT '描述',
  `create_time` datetime DEFAULT NULL COMMENT '创建日期',
  `update_time` datetime DEFAULT NULL COMMENT '修改时间',
  `create_id` varchar(32) DEFAULT NULL COMMENT '创建人id',
  `update_id` varchar(32) DEFAULT NULL COMMENT '修改人id',
  `del_flag` int(2) DEFAULT '0' COMMENT '删除标记：0正常1已删除',
  PRIMARY KEY (`key_info_id`)
) ENGINE=InnoDB DEFAULT CHARSET=utf8 COMMENT='授权中心密钥管理';

/*Data for the table `oauth_key_info` */

insert  into `oauth_key_info`(`key_info_id`,`title`,`key_name`,`key_pass`,`key_exp_date`,`isUseExpDate`,`status`,`remark`,`create_time`,`update_time`,`create_id`,`update_id`,`del_flag`) values 
('1C74D0A44F2040E4B6DD37D9653C21CB','B2B2C-会员中心','MEMBER_KEY','MEMBER_SCR','2022-06-30 14:09:42',0,0,NULL,'2022-06-30 14:09:47','2022-06-30 14:11:06','06e4075e00a841c8a14fef92e0e007f6','06e4075e00a841c8a14fef92e0e007f6',0),
('2C6F25A04F88413D8E78CEE8779D93FB','调度中心秘钥','eyJpYXQiOjE1NjIwMzczMzQsInN1YiI6IntcImNsaWVudGlkXCI6XCIyQzZGMjVBMDRGODg0MTNEOEU3OENFRTg','eyJpYXQiOjE1NjIwMzczMzQsInN1YiI6IntcImNsaWVudGlkXCI6XCIyQzZGMjVBMDRGODg0MTNEOEU3OENFRTg3NzlEOTNGQlwiLFwidXNlcm5hbWVcIjpcIlNDSEVEVUxFUl9NT0RFXCJ9IiwiZXhwIjoxNTYyMDM5MTM0fQ','2019-07-02 11:14:38',0,0,NULL,NULL,'2022-01-26 14:10:12','06e4075e00a841c8a14fef92e0e007f6','06e4075e00a841c8a14fef92e0e007f6',0),
('3A9A6CEEB45848F5A9051BFE439C0B35','监控中心','MonitorMode','eyJhbGciOiJIUzI1NiJ9.eyJpYXQiOjE1OTkyODU4MzYsInN1YiI6IntcImNsaWVudGlkXCI6XCIzRUI5QjY1RDg0NUY0OUUxQUQzMTFBMjZDRTI0RUQyQlwiLFwidXNlcm5hbWVcIjpcIk1vbml0b3JNb2RlXCJ9IiwiZXhwIjoxNTk5Mjg3NjM2fQ.NO2EC52D6yeSDeJDNxXoCEuI77xkJpCWIjIyRpuClIY','2022-01-26 14:30:45',0,0,NULL,NULL,'2022-01-26 14:31:01','06e4075e00a841c8a14fef92e0e007f6','06e4075e00a841c8a14fef92e0e007f6',0),
('3EB9B65D845F49E1AD311A26CE24ED2B','平台中心秘钥','SysSWdsIE.CH23llDeabcde.SAs','SysPASSSWdsIE.CH23llDeabcde.SAs','2019-07-02 11:18:19',0,0,NULL,NULL,NULL,'06e4075e00a841c8a14fef92e0e007f6','06e4075e00a841c8a14fef92e0e007f6',0),
('41709232291240678D0096A203F98256','内容平台','JEHC-CMS','eSbaWQdsTW','2019-08-22 08:00:00',0,0,NULL,NULL,NULL,'06e4075e00a841c8a14fef92e0e007f6','06e4075e00a841c8a14fef92e0e007f6',0),
('43D88959D76C4EFBA44F3C2E60A9B954','病例云','MedicalCenter','eoajpjDjIwMzczMzQDSxssDHmNsaWVWDDudGlkXCI6XCIyQzZGMjVBMDRGODg0MTNEOEU3OENFRTg3NzlEOTNGQlwiLFwidXNlc89hbWVcIjpcIlNDSEVEVUxFUl9NT0R','2032-07-02 08:00:00',0,0,NULL,NULL,NULL,'06e4075e00a841c8a14fef92e0e007f6','06e4075e00a841c8a14fef92e0e007f6',0),
('4872DBBEEE8B4AF08A53056CB869EA2F','B2B2C-卖家（商户）','B2B2C_SELLER_KEY','B2B2C_SELLER_SCR','2022-06-30 14:13:15',0,0,NULL,'2022-06-30 14:13:18',NULL,'06e4075e00a841c8a14fef92e0e007f6',NULL,0),
('4A26064BDA984803889C800E77A391FB','日志中心','LOGMode','eyJhbGciOiJIUzI1NiJ9.eyJpYXQiOjE1NjIwMzc0NTEsInN1YiI6IntcImNsXCIzRUI5QjY1RDg0NUY0OUUxQUQzMTFBMjZDRTI0RUQyQlwiLFwidXNlcm5hbWVcIjpcImpFaGNNb2R1bGVcIn0iLCJleHAiOjE1NjIwMzkyNTF9.f2KgJK16Ef9j-C4mk2-as810Cqqx_lvKV44_yjSqJ-Q','2021-11-05 08:00:00',0,0,NULL,NULL,NULL,'06e4075e00a841c8a14fef92e0e007f6','06e4075e00a841c8a14fef92e0e007f6',0),
('697B7C38A31249AF894CC36A706827B9','即时通讯秘钥','ImMode','Jstxabkwcdwolld','2023-11-22 08:00:00',0,0,NULL,NULL,NULL,'06e4075e00a841c8a14fef92e0e007f6','06e4075e00a841c8a14fef92e0e007f6',0),
('6F038DD2B78F459C84F1935A96E40FD6','运维中心','OPMode','OPMode','2021-11-04 08:00:00',0,0,NULL,NULL,NULL,'06e4075e00a841c8a14fef92e0e007f6','06e4075e00a841c8a14fef92e0e007f6',0),
('74D32105F7D24B77B902FFCB21171AB4','B2B2C-订单中心','B2B2C_ORDER_KEY','B2B2C_ORDER_SCR','2022-06-30 14:10:38',0,0,NULL,'2022-06-30 14:10:43',NULL,'06e4075e00a841c8a14fef92e0e007f6',NULL,0),
('753ED45D948D45F58E83537492633F8D','授权中心秘钥','k8slp3Y0_pdB8rNNeok4DbNugxB1MM9bVQzYrCcF8zQ','eyJpYXQiOjE1NjE2OTU5NzMsInN1YiI6IntcImNsaWVudGlkXCI6XCIwNmU0MDc1ZTAwYTg0MWM4YTE0ZmVmOTJlMGUwMDdmNlwifSIsImV4cCI6MTU2MTY5Nzc3M30','2019-07-02 10:55:50',0,0,NULL,'2019-07-02 10:56:07','2019-07-03 10:56:09','06e4075e00a841c8a14fef92e0e007f6','06e4075e00a841c8a14fef92e0e007f6',0),
('8245581C94B74E42BF29357CD611DB2B','流程中心秘钥','eyJhbGciOiJIUzI1NiJ9','eyJhbGciOiJIUzI1NiJ9.eyJpYXQiOjE1NjIwMzcxMjYsInN1YiI6IntcImNsaWVudGlkXCI6XCIwNmU0MDc1ZTAwYTg0MWM4YTE0ZmVmOTJlMGUwMDdmNlwiLFwidXNlcm5hbWVcIjpcImplaGNcIn0iLCJleHAiOjE1NjIwMzg5MjZ9.RLxUYtsg6QVrj4553yatztf2HEVEMPcUpw1Sxh5gyGw','2019-07-02 11:12:56',0,0,NULL,NULL,NULL,'06e4075e00a841c8a14fef92e0e007f6','06e4075e00a841c8a14fef92e0e007f6',0),
('8D1F8D87C70D4FC1AFE1E241B6067B2D','运管平台','OMPMode','eyJhbGciOiDNiJ9.eyJpYXQiODDSSSjE1NjIwMzc0NTEsInN1YiI6IntcImNsaWVudG6XCIzRUI5QjY1RDg0NUY0OUUxQUQzMTFBMjZDRTI0RUQyQlwiLFwidXNlcm5hbWVcIjpcImpFaGNNb2R1bGVcIn0iLCJleHAiOjE1NjIwMzkyNTF9.f2KgJK16Ef9j-C4mk2-as810Cqqx_lvKV44_yjSqJ-Q','2030-03-01 13:46:29',0,0,NULL,'2022-07-01 13:46:38','2022-07-27 14:14:46','06e4075e00a841c8a14fef92e0e007f6','06e4075e00a841c8a14fef92e0e007f6',0),
('9349E15DC30E4869920521D1059D307A','报表中心','ReportCenter','epjDjIwMzczMzQsInN1YiI6IntcImNsaWVudGlkXCI6XCIyQzZGMjVBMDRGODg0MTNEOEU3OENFRTg3NzlEOTNGQlwiLFwidXNlc89hbWVcIjpcIlNDSEVEVUxFUl9NT0RFXCJ9IiwiZXhwIjoxNTYyMDDSd2MTM0fQ','2021-10-10 08:00:00',0,0,NULL,NULL,NULL,'06e4075e00a841c8a14fef92e0e007f6','06e4075e00a841c8a14fef92e0e007f6',0),
('952DFEAD17E249B4A08DA2E1AAE94CAF','全文检索秘钥','FulltextMode','fdsdwlgkl','2020-07-14 08:00:00',0,0,NULL,NULL,NULL,'06e4075e00a841c8a14fef92e0e007f6','06e4075e00a841c8a14fef92e0e007f6',0),
('A9C324DC81A640C89D1449849DA3BBE6','B2B2C-支付','B2B2C_PAY_KEY','B2B2C_PAY_SCR','2022-06-30 14:12:37',0,0,NULL,'2022-06-30 14:12:43',NULL,'06e4075e00a841c8a14fef92e0e007f6',NULL,0),
('E0CBCE8CBC5A456D82C9672DD6856187','文件中心','FileMode','eyJhbGciOiDNiJ9.eyJpYXQiODDSSSjE1NjIwMzc0NTEsInN1YiI6IntcImNsaWVudG6XCIzRUI5QjY1RDg0NUY0OUUxQUQzMTFBMjZDRTI0RUQyQlwiLFwidXNlcm5hbWVcIjpcImpFaGNNb2R1bGVcIn0iLCJleHAiOjE1NjIwMzkyNTF9.f2KgJK16Ef9j-C4mk2-as810Cqqx_lvKV44_yjSqJ-Q','2021-10-29 08:00:00',0,0,NULL,NULL,NULL,'06e4075e00a841c8a14fef92e0e007f6','06e4075e00a841c8a14fef92e0e007f6',0),
('E7AA4425CC4D4CDF91921DCEBB7A2ADE','B2B2C-商品','B2B2C_PRODUCT_KEY','B2B2C_PRODUCT_SCR','2022-06-30 14:11:59',0,0,NULL,'2022-06-30 14:12:06',NULL,'06e4075e00a841c8a14fef92e0e007f6',NULL,0);

/*Table structure for table `oauth_resources` */

DROP TABLE IF EXISTS `oauth_resources`;

CREATE TABLE `oauth_resources` (
  `resources_id` varchar(32) NOT NULL,
  `resources_title` varchar(200) NOT NULL COMMENT '名称',
  `resources_parentid` varchar(32) DEFAULT NULL COMMENT '父级编号',
  `resources_iconCls` varchar(100) DEFAULT NULL COMMENT '图标',
  `resources_leaf` tinyint(4) DEFAULT NULL COMMENT '是否叶子',
  `resources_images` varchar(200) DEFAULT NULL COMMENT '图片路径',
  `resources_sort` int(11) DEFAULT NULL COMMENT '排序',
  `resources_sys` tinyint(4) DEFAULT NULL COMMENT '是否是系统菜单1是/0否',
  `resources_status` tinyint(4) DEFAULT NULL COMMENT '状态0可用/1禁用',
  `resources_module_id` varchar(32) DEFAULT NULL COMMENT '所属子系统模块外键',
  `resources_url` varchar(255) DEFAULT NULL COMMENT '访问地址',
  `create_id` varchar(32) DEFAULT NULL COMMENT '创建人id',
  `update_id` varchar(32) DEFAULT NULL COMMENT '修改人id',
  `del_flag` int(2) DEFAULT '0' COMMENT '删除标记：0正常1已删除',
  `create_time` datetime DEFAULT NULL COMMENT '创建时间',
  `update_time` datetime DEFAULT NULL COMMENT '修改时间',
  `component_router` varchar(500) DEFAULT NULL COMMENT '组件路由',
  `component_router_to` varchar(500) DEFAULT NULL COMMENT '组件地址即转发',
  `component_icon` varchar(500) DEFAULT NULL COMMENT '组件图标',
  `component_jump_type` int(2) DEFAULT '0' COMMENT '跳转方式： 0站内 1站外 2 iframe',
  `component_hide_menu` int(2) DEFAULT '0' COMMENT '是否隐藏 0否 1是',
  `component_open_new_page` int(2) DEFAULT '0' COMMENT '是否打开新页面 0是 1否',
  `component_open_style` varchar(500) DEFAULT NULL COMMENT '激活展开样式',
  PRIMARY KEY (`resources_id`)
) ENGINE=InnoDB DEFAULT CHARSET=utf8 COMMENT='授权中心资源中心';

/*Data for the table `oauth_resources` */

insert  into `oauth_resources`(`resources_id`,`resources_title`,`resources_parentid`,`resources_iconCls`,`resources_leaf`,`resources_images`,`resources_sort`,`resources_sys`,`resources_status`,`resources_module_id`,`resources_url`,`create_id`,`update_id`,`del_flag`,`create_time`,`update_time`,`component_router`,`component_router_to`,`component_icon`,`component_jump_type`,`component_hide_menu`,`component_open_new_page`,`component_open_style`) values 
('020785C37F8B4B60B834B13C575847BB','账户类型','CE843FDA065A4F9E840B8B8D31136044','fa fa-street-view',1,NULL,1,0,0,'744CF21BC9CE4B7FBE855C94F8EEF734','view/oauth/oauth-account-type/oauth-account-type-list.html',NULL,'06e4075e00a841c8a14fef92e0e007f6',0,NULL,'2023-04-04 11:26:37','/oauth/config/accountType','/view/oauth/oauth-account-type/oauth-account-type-list.vue',' flaticon-list-3',0,0,0,''),
('0420d0beab6d43e6ab715902ce3c3ab9','权限管理','0','fa fa-legal',0,NULL,2,0,0,'744CF21BC9CE4B7FBE855C94F8EEF734','',NULL,'06e4075e00a841c8a14fef92e0e007f6',0,NULL,'2023-04-04 11:24:27','/1',NULL,'fab fa-whmcs',0,0,0,'/oauth/role'),
('0430c1afc6f04b58b86777137bbd3cce','配置任务','11488444e6e645a7aeb28d23a5055bd0','icon-speedometer',1,NULL,0,0,0,'572E71C2F521489B8C007CE6962997F3','view/job/job-config/job-config-list.html',NULL,'06e4075e00a841c8a14fef92e0e007f6',0,NULL,'2023-03-01 09:49:51','/job/config','/view/job/job-config/job-config-list.vue','flaticon-clock-2',0,0,0,NULL),
('11488444e6e645a7aeb28d23a5055bd0','调度中心','0','icon-clock',0,NULL,0,0,0,'572E71C2F521489B8C007CE6962997F3','',NULL,'06e4075e00a841c8a14fef92e0e007f6',0,NULL,'2023-03-01 09:48:04','/2',NULL,'flaticon-clock',0,0,0,'/job'),
('1B4A8FE6C35F42668897126105A0E187','授权中心子系统','CE843FDA065A4F9E840B8B8D31136044','flaticon-alert-off',1,NULL,7,1,0,'744CF21BC9CE4B7FBE855C94F8EEF734','view/oauth/oauth-sys-mode/oauth-sys-mode-list.html',NULL,'06e4075e00a841c8a14fef92e0e007f6',0,NULL,'2023-04-04 11:29:15','/oauth/config/mode','/view/oauth/oauth-sys-mode/oauth-sys-mode-list.vue','flaticon-responsive',0,0,0,''),
('23D0D7E4877242E99BE97A771E6D49B2','字体库图标','dc009640af6344778edeb0f4bbbf22aa','',1,NULL,7,0,0,'7','','06e4075e00a841c8a14fef92e0e007f6','06e4075e00a841c8a14fef92e0e007f6',0,'2023-05-06 17:39:52','2023-05-06 17:42:32','/sys/dev/icon','/view/sys/xt-icon/xt-icon-list.vue','fas fa-text-height',0,0,0,''),
('23EE2133B4644BBE9863A318D54E63D8','CPU运行日志','A92E288502134DAD85F5F29EF6DBC062','icon-crop',1,NULL,0,0,0,'3B0F45D61DBD4CEEB4F94CF8551C3EC0','view/omp/scms/scms-monitor-cpu/scms-monitor-cpu-list.html','06e4075e00a841c8a14fef92e0e007f6','06e4075e00a841c8a14fef92e0e007f6',0,'2022-07-28 17:33:24','2023-04-04 11:34:10','/omp/scms/cpu','/view/omp/scms/scms-monitor-cpu/scms-monitor-cpu-list.vue',' flaticon-app',0,0,0,NULL),
('2a66363287144d9b8bec235b0a27ee2f','执行任务','11488444e6e645a7aeb28d23a5055bd0','icon-globe-alt',1,NULL,1,0,0,'572E71C2F521489B8C007CE6962997F3','view/job/job-set/job-set-list.html',NULL,'06e4075e00a841c8a14fef92e0e007f6',0,NULL,'2023-03-01 09:51:05','/job/execute','/view/job/job-set/job-set-list.vue','flaticon-responsive',0,0,0,NULL),
('2C9D79ABB8E643D8BC4AEE63FE5EEE3A','平台秘钥','CE843FDA065A4F9E840B8B8D31136044','icon-key',1,NULL,1,1,0,'744CF21BC9CE4B7FBE855C94F8EEF734','view/oauth/oauth-key-info/oauth-key-info-list.html',NULL,'06e4075e00a841c8a14fef92e0e007f6',0,NULL,'2023-04-04 11:26:55','/oauth/config/keyinfo','/view/oauth/oauth-key-info/oauth-key-info-list.vue','flaticon-signs-1',0,0,0,''),
('32E8B86742F844E9BB0C442DB64D1C26','关键字（敏感词）','32E8B86742F844E9BB0C442DB64D1C26','icon-note',1,'doc_new.png',9,1,0,NULL,'view/sys/xt-kwords/xt-kwords-list.html',NULL,NULL,0,NULL,NULL,'/4',NULL,NULL,0,0,0,NULL),
('35C2747A976043949C56919AF39BB10A','账户','B02C8AF39C3C411D8A2840258EAECD29','icon-user-follow',1,NULL,1,0,0,'744CF21BC9CE4B7FBE855C94F8EEF734','view/oauth/oauth-account/oauth-account-list.html',NULL,'06e4075e00a841c8a14fef92e0e007f6',0,NULL,'2023-04-04 11:30:19','/oauth/account','/view/oauth/oauth-account/oauth-account-list.vue','flaticon-avatar',0,0,0,''),
('3603F5777E7E42BFA83E8446F6A64FFB','我的申请','B0F2D1F227594260AFBCD7AE5C6B6EEB','fa fa-key',1,NULL,2,0,0,'','view/workflow/lc-apply/lc-apply-list.html',NULL,NULL,0,NULL,NULL,'/5',NULL,NULL,0,0,0,NULL),
('3689d21ad81e4f44a0d56cffb1a753a7','配置中心','dc009640af6344778edeb0f4bbbf22aa','icon-wrench',0,NULL,0,1,0,'7','',NULL,'06e4075e00a841c8a14fef92e0e007f6',0,NULL,'2023-04-04 11:42:36','/6',NULL,' flaticon-interface-11',0,0,0,'/sys/dev/config'),
('3756a37dc9d14c3e992e4fa8925cf456','知识库','a5a601a086584d26b5d1075a9544161f','icon-camcorder',1,NULL,8,0,0,'6','view/sys/xt-knowledge/xt-knowledge-list.html',NULL,'06e4075e00a841c8a14fef92e0e007f6',0,NULL,'2023-04-04 11:38:37','/sys/pt/knowledge','/view/sys/xt-knowledge/xt-knowledge-list.vue','flaticon-graph',0,0,0,'/sys'),
('3bc51b11a7ff4d25a80987d2437c65b1','版本控制','dc009640af6344778edeb0f4bbbf22aa','icon-control-pause',1,NULL,5,0,0,'7','view/sys/xt-version/xt-version-list.html',NULL,'06e4075e00a841c8a14fef92e0e007f6',0,NULL,'2023-03-01 09:44:33','/sys/dev/version','/view/sys/xt-version/xt-version-list.vue','flaticon-bell',0,0,0,NULL),
('3c87dce9bdbd4dfda119ae47d138ca6b','部门管理','a5acddfe148c4e7c8c04e436f0842414','icon-direction',1,NULL,0,0,0,'6','view/sys/xt-departinfo/xt-departinfo-list.html',NULL,'06e4075e00a841c8a14fef92e0e007f6',0,NULL,'2023-04-04 11:37:15','/sys/base/departinfo','/view/sys/xt-departinfo/xt-departinfo-list.vue','flaticon-interface-9',0,0,0,''),
('410c671656fd49c5bafacfea5e808ffd','实例配置','df5db785bfb0416bac676904d93f88d2','icon-wrench',1,'wrench_plus_2.png',0,1,0,NULL,'view/solr/solr-url/solr-url-list.html',NULL,NULL,0,NULL,NULL,'/7',NULL,NULL,0,0,0,NULL),
('4131bd23b4b24d6d885944b5de78f271','用户管理','a5acddfe148c4e7c8c04e436f0842414','icon-user-follow',1,NULL,0,0,0,'6','view/sys/xt-userinfo/xt-userinfo-list.html',NULL,'06e4075e00a841c8a14fef92e0e007f6',0,NULL,'2023-02-28 19:30:31','/sys/userinfo','/view/sys/xt-userinfo/xt-userinfo-list.vue','flaticon-user-ok',0,0,0,'/sys'),
('52e02f6e567b46d2a898fc20d9cce111','数据源模板配置','df5db785bfb0416bac676904d93f88d2','icon-calculator',1,'wrench_plus.png',-2,1,0,NULL,'view/solr/solr-data-config/solr-data-config-list.html',NULL,NULL,0,NULL,NULL,'/8',NULL,NULL,0,0,0,NULL),
('56d3ca9d0aaf4799870d5c0cb6ef0efd','功能资源','CE843FDA065A4F9E840B8B8D31136044','icon-frame',1,NULL,6,1,0,'744CF21BC9CE4B7FBE855C94F8EEF734','view/oauth/oauth-function-info/oauth-function-info-list.html',NULL,'06e4075e00a841c8a14fef92e0e007f6',0,NULL,'2023-04-04 11:29:00','/oauth/config/function-info','/view/oauth/oauth-function-info/oauth-function-info-list.vue','flaticon-background',0,0,0,''),
('57140033a4834dfe992309875305174e','合同管理','dc009640af6344778edeb0f4bbbf22aa','icon-grid',1,NULL,6,1,0,NULL,'view/sys/xt-concordat/xt-concordat-list.html',NULL,NULL,0,NULL,NULL,'/9',NULL,NULL,0,0,0,NULL),
('5b804105a18f42d087b2b5d302d14a30','组织机构','a5acddfe148c4e7c8c04e436f0842414','icon-loop',1,NULL,0,0,0,'6','view/sys/xt-org/xt-org-list.html',NULL,'06e4075e00a841c8a14fef92e0e007f6',0,NULL,'2023-04-04 11:36:57','/sys/base/org','/view/sys/xt-org/xt-org-list.vue','flaticon-map',0,0,0,''),
('5C6975E109B44B918C19486F456316AE','Redis监控','E8ED8E31943245139E22D60D7A86492A','fa flaticon-graphic-1',1,NULL,1,0,0,'3B0F45D61DBD4CEEB4F94CF8551C3EC0','view/omp/rds/omp-redis-main/omp-redis-main-list.html','06e4075e00a841c8a14fef92e0e007f6','06e4075e00a841c8a14fef92e0e007f6',0,'2022-07-20 10:50:57','2023-04-04 11:33:20','/omp/redis/redisMain','/view/omp/rds/omp-redis-main/omp-redis-main-list.vue','flaticon-graph',0,0,0,NULL),
('5d04531eff4642429bbdbce6ff063228','常量配置','3689d21ad81e4f44a0d56cffb1a753a7','icon-pointer',1,NULL,0,1,0,'7','view/sys/xt-constant/xt-constant-list.html',NULL,'06e4075e00a841c8a14fef92e0e007f6',0,NULL,'2023-03-01 09:38:31','/sys/dev/config/constant','/view/sys/xt-constant/xt-constant-list.vue','flaticon2-writing',0,0,0,NULL),
('607CE7795AFA4054A471C10DA1FCE256','消息中心','a5a601a086584d26b5d1075a9544161f','fa fa-comments-o',0,NULL,0,0,0,'6','',NULL,'06e4075e00a841c8a14fef92e0e007f6',0,NULL,'2023-04-04 11:40:22','10',NULL,'flaticon-folder',0,0,0,'/sys/pt/message'),
('63a8116913a449f3b93d936058303fa3','异常日志','654EA02261104CD4B0D1D47091022E47','icon-close',1,NULL,4,0,0,'003737BB1D49428481C75C20F8F28625','view/log/log-error/log-error-list.html',NULL,'06e4075e00a841c8a14fef92e0e007f6',0,NULL,'2023-05-23 17:03:20','/log/error','/view/log/log-error/log-error-list.vue','flaticon-exclamation-square',0,0,0,NULL),
('6417e7bbddec495284a727a016709e3f','文件路径','3689d21ad81e4f44a0d56cffb1a753a7','icon-screen-tablet',1,NULL,1,1,0,'7','view/sys/xt-path/xt-path-list.html',NULL,'06e4075e00a841c8a14fef92e0e007f6',0,NULL,'2023-03-01 09:41:16','/sys/dev/config/path','/view/sys/xt-path/xt-path-list.vue','flaticon-app',0,0,0,NULL),
('654EA02261104CD4B0D1D47091022E47','日志管理','0','',0,NULL,0,0,0,'003737BB1D49428481C75C20F8F28625','','06e4075e00a841c8a14fef92e0e007f6',NULL,0,'2023-05-23 17:02:29',NULL,'','',' fas fa-vote-yea',0,0,0,'/log'),
('657e88dd46b8439e87bb240b40ef5ec0','公司信息','a5acddfe148c4e7c8c04e436f0842414','icon-call-out',1,NULL,0,0,0,'6','view/sys/xt-company/xt-company-list.html',NULL,'06e4075e00a841c8a14fef92e0e007f6',0,NULL,'2023-04-04 11:37:44','/sys/base/company','/view/sys/xt-company/xt-company.vue','flaticon-support',0,0,0,'/sys'),
('65C9A390FEE148BEB8CCFD0D415AF96E','库表备份','5c480fb6a4864e64bb0c95069eefca62','fa fa-database',1,NULL,2,1,0,'7','view/sys/xt-db/xt-db-list.html',NULL,NULL,0,NULL,NULL,'/20',NULL,NULL,0,0,0,NULL),
('68d96506c3854c849c9dad79f1f9dbbf','数据权限','0420d0beab6d43e6ab715902ce3c3ab9','icon-wrench',1,NULL,-1,0,0,'','view/sys/xt-data-authority/xt-data-authority-list.html',NULL,NULL,0,NULL,NULL,'/11',NULL,NULL,0,0,0,NULL),
('6901A74A031A4135A61FDC4A3B89247D','内存运行日志','A92E288502134DAD85F5F29EF6DBC062','icon-compass',1,NULL,0,0,0,'3B0F45D61DBD4CEEB4F94CF8551C3EC0','view/omp/scms/scms-monitor-mem/scms-monitor-mem-list.html','06e4075e00a841c8a14fef92e0e007f6','06e4075e00a841c8a14fef92e0e007f6',0,'2022-07-28 17:34:01','2023-04-04 11:33:59','/omp/scms/mem','/view/omp/scms/scms-monitor-mem/scms-monitor-mem-list.vue','flaticon-suitcase',0,0,0,NULL),
('74A9B9B8E62D40A2A2A9C261E3723107','行政区划','dc009640af6344778edeb0f4bbbf22aa','icon-like',1,NULL,2,1,0,'7','view/sys/xt-area-region/xt-area-region-list.html',NULL,'06e4075e00a841c8a14fef92e0e007f6',0,NULL,'2023-03-01 09:43:49','/sys/dev/area/region','/view/sys/xt-area-region/xt-area-region-list.vue','flaticon-interface-9',0,0,0,NULL),
('750504673572457881110F63DAC98A0D','调度日志','11488444e6e645a7aeb28d23a5055bd0','fa fa-clipboard',1,NULL,0,0,0,'572E71C2F521489B8C007CE6962997F3','view/job/job-log/job-log-list.html',NULL,'06e4075e00a841c8a14fef92e0e007f6',0,NULL,'2023-03-01 09:48:57','/job/log','/view/job/job-log/job-log-list.vue','flaticon-clock-1',0,0,0,NULL),
('754A59BF228F4E9D8966E8C7EA456079','配置非权限API','CE843FDA065A4F9E840B8B8D31136044','icon-notebook',1,NULL,2,1,0,'744CF21BC9CE4B7FBE855C94F8EEF734','view/oauth/oauth-function-common/oauth-function-common-list.html',NULL,'06e4075e00a841c8a14fef92e0e007f6',0,NULL,'2023-04-04 11:27:40','/oauth/config/function-common','/view/oauth/oauth-function-common/oauth-function-common-list.vue','flaticon-clipboard',0,0,0,''),
('7648605739FC431781BEB2A47DA2E1AC','在线用户','B02C8AF39C3C411D8A2840258EAECD29','la la-user-plus',1,NULL,2,0,0,'744CF21BC9CE4B7FBE855C94F8EEF734','view/oauth/oauth-online/oauth-online-list.html',NULL,'06e4075e00a841c8a14fef92e0e007f6',0,NULL,'2023-04-04 11:30:47','/oauth/account/online','/view/oauth/oauth-online/oauth-online-list.vue','flaticon-users',0,0,0,''),
('7B4FB5A0E14B42C384415F34C4DD1020','通知','a5a601a086584d26b5d1075a9544161f','fa fa-folder-o',1,NULL,4,0,0,'6','view/sys/xt-notify/xt-notify-list.html',NULL,'06e4075e00a841c8a14fef92e0e007f6',0,NULL,'2023-05-23 17:01:43','/sys/pt/notify','/view/sys/xt-notify/xt-notify-list.vue','flaticon-alert-off',0,0,0,''),
('7f385a2af6f44ebdb19d625a2c729f36','服务停止启动','654EA02261104CD4B0D1D47091022E47','icon-compass',1,NULL,2,0,0,'003737BB1D49428481C75C20F8F28625','view/log/log-start-stop/log-start-stop-list.html',NULL,'06e4075e00a841c8a14fef92e0e007f6',0,NULL,'2023-05-23 17:03:02','/log/startStop','/view/log/log-start-stop/log-start-stop-list.vue','flaticon-interface-4',0,0,0,NULL),
('7f3ffbda4a854d8583e977e474301b0d','岗位管理','a5acddfe148c4e7c8c04e436f0842414','icon-list',1,NULL,0,0,0,'6','view/sys/xt-post/xt-post-list.html',NULL,'06e4075e00a841c8a14fef92e0e007f6',0,NULL,'2023-04-04 11:36:39','/sys/base/post','/view/sys/xt-post/xt-post-list.vue','flaticon-users',0,0,0,''),
('854695647E4141FA99F5AEA19BE375C6','资源模块','CE843FDA065A4F9E840B8B8D31136044','icon-wrench',1,NULL,3,1,0,'744CF21BC9CE4B7FBE855C94F8EEF734','view/oauth/oauth-sys-modules/oauth-sys-modules-list.html',NULL,'06e4075e00a841c8a14fef92e0e007f6',0,NULL,'2023-04-04 11:28:10','/oauth/config/modules','/view/oauth/oauth-sys-modules/oauth-sys-modules-list.vue','flaticon-delete-2',0,0,0,'/oauth'),
('896926f7f84a4270a3a2036e971bdcce','登录日志','654EA02261104CD4B0D1D47091022E47','icon-crop',1,NULL,8,0,0,'003737BB1D49428481C75C20F8F28625','view/log/log-login/log-login-list.html',NULL,'06e4075e00a841c8a14fef92e0e007f6',0,NULL,'2023-05-23 17:03:37','/log/login','/view/log/log-login/log-login-list.vue','flaticon-profile',0,0,0,NULL),
('8FF49348E3CF4BB184503ED5BA605301','路由信息','A416E09A8C6A4AEEBF153B7760661D01','fa flaticon-graphic-1',1,NULL,0,0,0,'3B0F45D61DBD4CEEB4F94CF8551C3EC0','view/omp/route/dynamic-route/dynamic-route-list.html','06e4075e00a841c8a14fef92e0e007f6','06e4075e00a841c8a14fef92e0e007f6',0,'2022-07-01 13:50:53','2023-03-07 13:06:56','/omp/route/dynamic/route','/view/omp/route/dynamic-route/dynamic-route-list.vue','flaticon-technology-2',0,0,0,NULL),
('94FD198653E441C69E4AE1326B39F4EC','分配管理员','CE843FDA065A4F9E840B8B8D31136044','la la-bell',1,NULL,8,1,0,'744CF21BC9CE4B7FBE855C94F8EEF734','view/oauth/oauth-admin/oauth-admin-list.html',NULL,'06e4075e00a841c8a14fef92e0e007f6',0,NULL,'2023-04-04 11:29:38','/oauth/config/admin','/view/oauth/oauth-admin/oauth-admin-list.vue','flaticon-avatar',0,0,0,''),
('9735261cfef64cfbb37bdefdac9e91f1','二维码、条码管理','dc009640af6344778edeb0f4bbbf22aa','icon-loop',1,NULL,7,1,0,'7','view/sys/xt-encoderqrcode/xt-encoderqrcode-list.html',NULL,'06e4075e00a841c8a14fef92e0e007f6',0,NULL,'2023-03-01 09:46:03','/sys/dev/encoderqrcode','/view/sys/xt-encoderqrcode/xt-encoderqrcode-list.vue','flaticon-squares-2',0,0,0,NULL),
('9AA2D47DED8942EA98146F81BEE87E8F','模块卸载','CE843FDA065A4F9E840B8B8D31136044','icon-compass',1,NULL,0,0,0,'744CF21BC9CE4B7FBE855C94F8EEF734','view/oauth/oauth-module-uninstall/oauth-module-uninstall.html','06e4075e00a841c8a14fef92e0e007f6','06e4075e00a841c8a14fef92e0e007f6',0,'2022-08-03 10:05:50','2023-04-04 11:26:13','/oauth/config/module/uninstall','/view/oauth/oauth-module-uninstall/oauth-module-uninstall.vue','flaticon-more-v4',0,0,0,''),
('9D6493734BA645EB81C41D3FE334E03F','Redis配置','E8ED8E31943245139E22D60D7A86492A','fa fa-laptop',1,NULL,0,0,0,'3B0F45D61DBD4CEEB4F94CF8551C3EC0','view/omp/rds/omp-redis-config/omp-redis-config-list.html','06e4075e00a841c8a14fef92e0e007f6','06e4075e00a841c8a14fef92e0e007f6',0,'2022-07-19 14:36:23','2023-04-04 11:33:02','/omp/redis/redisConfig','/view/omp/rds/omp-redis-config/omp-redis-config-list.vue','flaticon-profile',0,0,0,NULL),
('9e9cebc17006463394bb4ada3fb2a7af','菜单资源','CE843FDA065A4F9E840B8B8D31136044','icon-grid',1,NULL,5,1,0,'744CF21BC9CE4B7FBE855C94F8EEF734','view/oauth/oauth-resources/oauth-resources-list.html',NULL,'06e4075e00a841c8a14fef92e0e007f6',0,NULL,'2023-04-04 11:28:45','/oauth/config/resources','/view/oauth/oauth-resources/oauth-resources-list.vue','flaticon-interface-6',0,0,0,''),
('a2b9d38e429d4ac9aa3d7106217632b0','ip冻结','3689d21ad81e4f44a0d56cffb1a753a7','icon-energy',1,NULL,7,1,0,'7','view/sys/xt-ip-frozen/xt-ip-frozen-list.html',NULL,'06e4075e00a841c8a14fef92e0e007f6',0,NULL,'2023-03-01 09:43:11','/sys/dev/config/ipFrozen','/view/sys/xt-ip-frozen/xt-ip-frozen-list.vue','flaticon-lock',0,0,0,''),
('A416E09A8C6A4AEEBF153B7760661D01','路由管理','0','icon-share',0,NULL,0,0,0,'3B0F45D61DBD4CEEB4F94CF8551C3EC0','','06e4075e00a841c8a14fef92e0e007f6','06e4075e00a841c8a14fef92e0e007f6',0,'2022-07-01 13:50:26','2023-04-04 11:34:48','/12',NULL,'flaticon-file-2',0,0,0,'/omp/route'),
('a5a601a086584d26b5d1075a9544161f','平台管理','0','icon-target',0,NULL,3,0,0,'6','',NULL,'06e4075e00a841c8a14fef92e0e007f6',0,NULL,'2023-03-01 11:02:33','/13',NULL,'flaticon-web',0,0,0,'/sys/pt'),
('a5acddfe148c4e7c8c04e436f0842414','基础信息','0','icon-screen-tablet',0,NULL,0,0,0,'6','',NULL,'06e4075e00a841c8a14fef92e0e007f6',0,NULL,'2023-03-01 11:02:47','/14',NULL,'fas fa-band-aid',0,0,0,'/sys/base'),
('A92E288502134DAD85F5F29EF6DBC062','服务器监控','0','icon-clock',0,NULL,0,0,0,'3B0F45D61DBD4CEEB4F94CF8551C3EC0','','06e4075e00a841c8a14fef92e0e007f6','06e4075e00a841c8a14fef92e0e007f6',0,'2022-07-28 17:30:07','2023-03-07 13:16:30','/15',NULL,'flaticon-diagram',0,0,0,'/omp/scms'),
('AB980AC7335B4EE099481895A4A3B6EC','系统消息','607CE7795AFA4054A471C10DA1FCE256','fa fa-comments-o',1,NULL,1,0,0,'6','view/sys/xt-message/xt-message-list.html',NULL,'06e4075e00a841c8a14fef92e0e007f6',0,NULL,'2023-04-04 11:41:13','/sys/pt/message','/view/sys/xt-message/xt-message-list.vue','flaticon-alert-1',0,0,0,''),
('ADFFAB8ED2B548279BAC7678338A520C','路由模块','A416E09A8C6A4AEEBF153B7760661D01','icon-camcorder',1,NULL,1,0,0,'3B0F45D61DBD4CEEB4F94CF8551C3EC0','view/omp/route/dynamic-route-modules/dynamic-route-modules-list.html','06e4075e00a841c8a14fef92e0e007f6','06e4075e00a841c8a14fef92e0e007f6',0,'2022-07-01 13:51:39','2023-03-07 13:07:33','/omp/route/dynamic/route/modules','/view/omp/route/dynamic-route-modules/dynamic-route-modules-list.vue','flaticon-analytics',0,0,0,NULL),
('aed0de57327541dda4a00704a68c9406','数据字典','3689d21ad81e4f44a0d56cffb1a753a7','icon-list',1,NULL,1,1,0,'7','view/sys/xt-data-dictionary/xt-data-dictionary-list.html',NULL,'06e4075e00a841c8a14fef92e0e007f6',0,NULL,'2023-03-01 09:40:28','/sys/dev/config/dictionary','/view/sys/xt-data-dictionary/xt-data-dictionary-list.vue','flaticon-price-tag',0,0,0,NULL),
('B02C8AF39C3C411D8A2840258EAECD29','账户管理','0','icon-screen-tablet',0,NULL,0,0,0,'744CF21BC9CE4B7FBE855C94F8EEF734','',NULL,'06e4075e00a841c8a14fef92e0e007f6',0,NULL,'2023-04-04 11:30:28','/16',NULL,'flaticon2-list-2',0,0,0,'/oauth/account'),
('C118CF06D44A4F37B7C75051E535C855','物理机器信息','A92E288502134DAD85F5F29EF6DBC062','icon-globe-alt',1,NULL,0,0,0,'3B0F45D61DBD4CEEB4F94CF8551C3EC0','view/omp/scms/scms-monitor/scms-monitor-list.html','06e4075e00a841c8a14fef92e0e007f6','06e4075e00a841c8a14fef92e0e007f6',0,'2022-07-28 17:31:29','2023-04-04 11:34:24','/omp/scms/monitor','/view/omp/scms/scms-monitor/scms-monitor-list.vue',' flaticon-squares-4',0,0,0,NULL),
('C25E3DB9C25F46608A41F56592888E15','Redis监控日志','E8ED8E31943245139E22D60D7A86492A','icon-camcorder',1,NULL,3,0,0,'3B0F45D61DBD4CEEB4F94CF8551C3EC0','view/omp/rds/omp-redis-info/omp-redis-info-list.html','06e4075e00a841c8a14fef92e0e007f6','06e4075e00a841c8a14fef92e0e007f6',0,'2022-07-20 11:12:43','2023-04-04 11:33:33','/omp/redis/redisInfo','/view/omp/rds/omp-redis-info/omp-redis-info-list.vue','flaticon-file-2',0,0,0,NULL),
('C38632F28B8F44FB9D6DAC46143B7289','平台消息','607CE7795AFA4054A471C10DA1FCE256','fa fa-commenting',1,NULL,0,0,0,'6','view/sys/xt-platform/xt-platform-list.html',NULL,'06e4075e00a841c8a14fef92e0e007f6',0,NULL,'2023-04-04 11:40:49','/sys/pt/message/platform','/view/sys/xt-platform/xt-platform-list.vue','flaticon-alarm-1',0,0,0,''),
('CE843FDA065A4F9E840B8B8D31136044','配置中心','0','la la-gears',0,NULL,3,1,0,'744CF21BC9CE4B7FBE855C94F8EEF734','',NULL,'06e4075e00a841c8a14fef92e0e007f6',0,NULL,'2023-04-04 11:25:39','/17',NULL,'flaticon-interface-7',0,0,0,'/oauth/config'),
('cfbfca046fbe4745bd7ba1d680e7ca4b','平台公告','a5a601a086584d26b5d1075a9544161f','fa fa-gavel',1,NULL,1,0,0,'6','view/sys/xt-notice/xt-notice-list.html',NULL,'06e4075e00a841c8a14fef92e0e007f6',0,NULL,'2023-05-23 17:02:01','/sys/pt/notice','/view/sys/xt-notice/xt-notice-list.vue','flaticon-speech-bubble',0,0,0,''),
('d55a02b63e254bd190a7aec70b004801','附件中心','0','icon-link',1,NULL,4,0,0,'0BFBC394EABC4F1F90E5BDF969ED883A','view/file/file-attachment/file-attachment-list.html',NULL,'06e4075e00a841c8a14fef92e0e007f6',0,NULL,'2023-03-01 10:07:59','/file/attachment','/view/file/file-attachment/file-attachment-list.vue','flaticon-attachment',0,0,0,NULL),
('d7821b3b6f1a4a6699b2b5726baa41f9','页面加载时间统计','654EA02261104CD4B0D1D47091022E47','icon-clock',1,NULL,1,0,0,'003737BB1D49428481C75C20F8F28625','view/log/log-loadinfo/log-loadinfo-list.html',NULL,'06e4075e00a841c8a14fef92e0e007f6',0,NULL,'2023-05-23 17:02:52','/log/loading','/view/log/log-loadinfo/log-loadinfo-list.vue','flaticon-notepad',0,0,0,NULL),
('dc009640af6344778edeb0f4bbbf22aa','开发助手','0','icon-frame',0,NULL,4,1,0,'7','',NULL,'06e4075e00a841c8a14fef92e0e007f6',0,NULL,'2023-02-28 19:39:22','/18',NULL,'flaticon-interface-9',0,0,0,'/sys/dev'),
('E0363BA91F3D4BA0B8DB53BCC8A946D0','操作日志','654EA02261104CD4B0D1D47091022E47','icon-fire',1,NULL,3,0,0,'003737BB1D49428481C75C20F8F28625','view/log/log-operate/log-operate-list.html',NULL,'06e4075e00a841c8a14fef92e0e007f6',0,NULL,'2023-05-23 17:03:11','/log/operate','/view/log/log-operate/log-operate-list.vue','flaticon-list',0,0,0,NULL),
('E20EEB0FA32F4350832D06532DC2A9E6','变更日志','654EA02261104CD4B0D1D47091022E47','icon-mouse',1,NULL,5,0,0,'003737BB1D49428481C75C20F8F28625','view/log/log-modify-record/log-modify-record-list.html',NULL,'06e4075e00a841c8a14fef92e0e007f6',0,NULL,'2023-05-23 17:03:29','/log/modify','/view/log/log-modify-record/log-modify-record-list.vue','flaticon-clock-1',0,0,0,NULL),
('E7FDFC5CC4ED42EFAB15DA51E396BC9D','授权中心耗时追踪','0','flaticon-clock-1',1,NULL,0,0,0,'3B0F45D61DBD4CEEB4F94CF8551C3EC0','view/omp/awstats/auth-log/auth-log-list.html','06e4075e00a841c8a14fef92e0e007f6','06e4075e00a841c8a14fef92e0e007f6',0,'2022-08-12 14:26:48','2023-03-07 13:28:17','/omp/awstats/authLog','/view/omp/awstats/auth-log/auth-log-list.vue','flaticon-clock-2',0,0,0,'/omp/awstats'),
('e8e3356d2d48414592453e911bf61a09','角色权限','0420d0beab6d43e6ab715902ce3c3ab9','fa fa-street-view',1,NULL,0,0,0,'744CF21BC9CE4B7FBE855C94F8EEF734','view/oauth/oauth-role/oauth-role-list.html',NULL,'06e4075e00a841c8a14fef92e0e007f6',0,NULL,'2023-03-01 09:17:40','/oauth/role','/view/oauth/oauth-role/oauth-role-list.vue','flaticon-interface-9',0,0,0,'/oauth'),
('E8ED8E31943245139E22D60D7A86492A','Redis管理','0','fa flaticon-clock-2',0,NULL,0,0,0,'3B0F45D61DBD4CEEB4F94CF8551C3EC0','','06e4075e00a841c8a14fef92e0e007f6','06e4075e00a841c8a14fef92e0e007f6',0,'2022-07-19 14:35:24','2023-04-04 11:32:38','/19','','flaticon-interface-4',0,0,0,'/omp/redis'),
('e9b46be997d441b6a250f4fb3d7d55a8','计量单位','3689d21ad81e4f44a0d56cffb1a753a7','icon-social-facebook',1,NULL,0,1,0,'7','view/sys/xt-unit/xt-unit-list.html',NULL,'06e4075e00a841c8a14fef92e0e007f6',0,NULL,'2023-03-01 09:39:46','/sys/dev/config/unit','/view/sys/xt-unit/xt-unit-list.vue','flaticon-medal',0,0,0,NULL),
('eb5d6453fd3b47b6bed129dcb62f4d1c','第三方短信配置','3689d21ad81e4f44a0d56cffb1a753a7','icon-screen-smartphone',1,NULL,5,1,0,'7','view/sys/xt-sms/xt-sms-list.html',NULL,'06e4075e00a841c8a14fef92e0e007f6',0,NULL,'2023-03-01 09:42:07','/sys/dev/config/sms','/view/sys/xt-sms/xt-sms-list.vue','flaticon-notes',0,0,0,NULL),
('EBB0696CDECE40DF953F8171B65B9DFB','单号维护','dc009640af6344778edeb0f4bbbf22aa','icon-frame',1,NULL,6,1,0,'7','view/sys/xt-number/xt-number-list.html',NULL,'06e4075e00a841c8a14fef92e0e007f6',0,NULL,'2023-03-01 10:57:11','/sys/dev/number','/view/sys/xt-number/xt-number-list.vue','flaticon-information',0,0,0,NULL);

/*Table structure for table `oauth_resources_role` */

DROP TABLE IF EXISTS `oauth_resources_role`;

CREATE TABLE `oauth_resources_role` (
  `resources_role_id` varchar(32) NOT NULL,
  `role_id` varchar(32) NOT NULL COMMENT '角色ID外键',
  `resources_id` varchar(32) NOT NULL COMMENT '资源ID外键',
  PRIMARY KEY (`resources_role_id`)
) ENGINE=InnoDB DEFAULT CHARSET=utf8 COMMENT='授权中心资源对角色';

/*Data for the table `oauth_resources_role` */

insert  into `oauth_resources_role`(`resources_role_id`,`role_id`,`resources_id`) values 
('01B15A6C3DD04BBF8484B525AF492663','FF0D594E22E14A699999473DF24838A6','0B4587F1815847C5A3EE74CDD17E9C81'),
('0ABEC37E614546B2940D58335B714340','BA751D67EDEE4C0FB187F70D42E7CBBA','e8e3356d2d48414592453e911bf61a09'),
('13374B74A4124C0EAAED6D836A8C9C9F','BD05E23AE3E441499029DC336B447970','D41D8377F68942EEA5072C496508768D'),
('15F12D0665AB49E9BCE24691128CE3C9','45372F2A975E48EE9FA91680D65743B1','C25E3DB9C25F46608A41F56592888E15'),
('16FA5A4272344B88857B5A807F41366F','BA751D67EDEE4C0FB187F70D42E7CBBA','0420d0beab6d43e6ab715902ce3c3ab9'),
('188CD792FA2A4C6885812129F2288F23','38A4F77E2DC0405EA1F8AC19FBE4F05D','247031B5D0F640EBA92864E730DECC65'),
('19F9CA3585494EF3A4E22864F8B53746','C63BB170B64C40D08F4FB153C0487715','607CE7795AFA4054A471C10DA1FCE256'),
('1BD8C690A6404541BC03283B483D2D73','5F1CBDC6E4D548FEAA9E107F0882392E','939FEAE998194F87B12C636516EDF54D'),
('1E1E58A9B66549169A6EB072953EC377','3787CE256D064961BABD20178A5F9441','11488444e6e645a7aeb28d23a5055bd0'),
('1E44758317254C83B84CC5C302C218D1','F5896443E07149EEB9C68F48BE1A8386','63a8116913a449f3b93d936058303fa3'),
('206A2C8EAE4A43D895BE213D4B8D1791','BD05E23AE3E441499029DC336B447970','B33BE68BEE814326A87452FE1F9452A6'),
('2159CC62AA9F46298D80B0E102351353','C63BB170B64C40D08F4FB153C0487715','a5acddfe148c4e7c8c04e436f0842414'),
('22CBE5F63FE349F49555712931250CB1','BD05E23AE3E441499029DC336B447970','D41D8377F68942EEA5022C49E9083685'),
('23059FFE83F148319E7CE24C438D88E1','BA751D67EDEE4C0FB187F70D42E7CBBA','7648605739FC431781BEB2A47DA2E1AC'),
('24CEC2EF9B754BEAAA426B7BEDA55E30','5F1CBDC6E4D548FEAA9E107F0882392E','dd9e1f7db40b4fcb92c7edf5125a9e78'),
('24E479315CD44BDF827CEE43761EEFE4','D494FEA289034A9F88C960004B0E3084','35C2747A976043949C56919AF39BB10A'),
('25023E4C56A14D2D951D3962FE7B78A1','D494FEA289034A9F88C960004B0E3084','B02C8AF39C3C411D8A2840258EAECD29'),
('2E63FAE1E8A740A79E0F6FA8385F4987','45372F2A975E48EE9FA91680D65743B1','A416E09A8C6A4AEEBF153B7760661D01'),
('2EBB0C4C353A41FBB80F4151E87AAA1A','C63BB170B64C40D08F4FB153C0487715','3756a37dc9d14c3e992e4fa8925cf456'),
('31EA427F053447B0B5993860B7A9F8C8','B418B08FFF71424CB379F0935BBE5117','15A345F0E05340E3B29960B704AC1AF9'),
('3CD4DDC7F9B243B8B9CDAE20C134DCCD','F5896443E07149EEB9C68F48BE1A8386','7f385a2af6f44ebdb19d625a2c729f36'),
('3E143BAB5C2241C084B46BB9AD86E088','FF0D594E22E14A699999473DF24838A6','28C160C91C764D679FD86F84258BB335'),
('40A1CAC415664A69A0E3224CE817A84A','C63BB170B64C40D08F4FB153C0487715','3c87dce9bdbd4dfda119ae47d138ca6b'),
('4E9E8DC604FB4056B56027CA58031B7E','C63BB170B64C40D08F4FB153C0487715','cfbfca046fbe4745bd7ba1d680e7ca4b'),
('515977DDDAF747EE86B003FFD3DCE4AF','BA751D67EDEE4C0FB187F70D42E7CBBA','B02C8AF39C3C411D8A2840258EAECD29'),
('51E13D37DF7F4690A03159C1964B7973','45372F2A975E48EE9FA91680D65743B1','E8ED8E31943245139E22D60D7A86492A'),
('521422E4CB784B219730DAC7527B995D','BD05E23AE3E441499029DC336B447970','086F33002934452C8812F917DE58DA82'),
('53F7C53D68B947C9B6A9FF287291FDFF','BD05E23AE3E441499029DC336B447970','C9C9B1827D074479AEECE4FE33CBCD41'),
('5583A5FAFC4448158C432CC95703D4F3','F5896443E07149EEB9C68F48BE1A8386','654EA02261104CD4B0D1D47091022E47'),
('5740509D0DF94AA49274FDBACEF2165F','45372F2A975E48EE9FA91680D65743B1','C118CF06D44A4F37B7C75051E535C855'),
('58CA6CCA20CF465399A6B482C45394AF','C63BB170B64C40D08F4FB153C0487715','7B4FB5A0E14B42C384415F34C4DD1020'),
('5C8CEE3C92C64D1C91508FAC979ECC07','F5896443E07149EEB9C68F48BE1A8386','E20EEB0FA32F4350832D06532DC2A9E6'),
('5FC8E43A5AAC43FA977A7D932C946363','3787CE256D064961BABD20178A5F9441','750504673572457881110F63DAC98A0D'),
('604B46461EE7427F861DCAD76E8326A5','45372F2A975E48EE9FA91680D65743B1','A92E288502134DAD85F5F29EF6DBC062'),
('6071B1D737A74FDA89D4C886488CC28C','BD05E23AE3E441499029DC336B447970','C9C9B1827D074479AEECE4FE33CCCD49'),
('60C969DA9491411B8E6627E4C585AF58','BA751D67EDEE4C0FB187F70D42E7CBBA','35C2747A976043949C56919AF39BB10A'),
('62C9A4E641CF4AD7BAFB192F39ECAD6E','F5896443E07149EEB9C68F48BE1A8386','d7821b3b6f1a4a6699b2b5726baa41f9'),
('67EA5888304D4CBDAD778199F36E311F','BD05E23AE3E441499029DC336B447970','086F33002934452C8833F917DE58DA81'),
('691AD512C26241FEB71DB201CE1CAB6B','C63BB170B64C40D08F4FB153C0487715','7f3ffbda4a854d8583e977e474301b0d'),
('6A56E1AD4ED1423385F034E3B9492065','45372F2A975E48EE9FA91680D65743B1','ADFFAB8ED2B548279BAC7678338A520C'),
('6ACC925D85CA46ADB1CB3DBDEEC3E5D6','D494FEA289034A9F88C960004B0E3084','0420d0beab6d43e6ab715902ce3c3ab9'),
('712114E00C46498B95CE846A98280B93','3787CE256D064961BABD20178A5F9441','2a66363287144d9b8bec235b0a27ee2f'),
('719C09FF444547368FB5DF0A5F9FB823','BD05E23AE3E441499029DC336B447970','086F33002934452C8855F917DE58DA82'),
('77F952B647B7440EB5FDB1CC2781B345','5F1CBDC6E4D548FEAA9E107F0882392E','BE68DFDA09D34E0D89717C99C8FE4211'),
('780EC19BBD374F42A72BD9F892022B73','BD05E23AE3E441499029DC336B447970','086F33002934452C8812F917DE58D562'),
('7B15050F86E24C1E84804573B1BD8468','38A4F77E2DC0405EA1F8AC19FBE4F05D','48651DD6BFC34F4B937373D92D9CBEB6'),
('7BC0CCD30E4143AFA513F3D18E0F0E22','C63BB170B64C40D08F4FB153C0487715','657e88dd46b8439e87bb240b40ef5ec0'),
('7F57C2AFC91D4CC3867AC8411DF413CA','45372F2A975E48EE9FA91680D65743B1','E7FDFC5CC4ED42EFAB15DA51E396BC9D'),
('80EAA59717774EC4AB33F07CC09C5AB6','F5896443E07149EEB9C68F48BE1A8386','896926f7f84a4270a3a2036e971bdcce'),
('8496CE0D39F3402C863063CF38DBD4F3','45372F2A975E48EE9FA91680D65743B1','9D6493734BA645EB81C41D3FE334E03F'),
('87F699089FA4466C8FE64DC152F1FB4F','5F1CBDC6E4D548FEAA9E107F0882392E','0954FE9CA28547B1A49FCFC182C45D38'),
('89355ACB23324C04B13DC3A985A1F999','3787CE256D064961BABD20178A5F9441','0430c1afc6f04b58b86777137bbd3cce'),
('8A92039861344DB09D52A3D02C526C33','E381967F7ED74927B1BEA38B39C2543D','d55a02b63e254bd190a7aec70b004801'),
('8AA1C3C52B7044EB837C9A879AC2318E','BD05E23AE3E441499029DC336B447970','EB67CD25AC154E57B77381958C52AED4'),
('9073ABB9A3A4416187A3A342D9FB6D68','C63BB170B64C40D08F4FB153C0487715','5b804105a18f42d087b2b5d302d14a30'),
('96A4A36D124A41188B1155C05870125E','7DFEB3AEED82470AA5B86C1CD0251A80','5ADFE83E02FC4FF69B5217398327D2EF'),
('97D7D29D63554BCF8C2E651552ABA582','C63BB170B64C40D08F4FB153C0487715','C38632F28B8F44FB9D6DAC46143B7289'),
('9EB4A188FE56403B92FD525A662D8425','45372F2A975E48EE9FA91680D65743B1','8FF49348E3CF4BB184503ED5BA605301'),
('A56988C1FD574CF49D9A214030EDB5EE','7DFEB3AEED82470AA5B86C1CD0251A80','B91F0B866DA240AEB83ACCEB54086658'),
('A709EEA85E37452E97FBD6C7E073AF76','C63BB170B64C40D08F4FB153C0487715','AB980AC7335B4EE099481895A4A3B6EC'),
('B5CA5A3DADB84C388C59192B94671345','45372F2A975E48EE9FA91680D65743B1','5C6975E109B44B918C19486F456316AE'),
('C3ADCE37AEF34010876B62425E289486','BD05E23AE3E441499029DC336B447970','EB67CD25AC154E57B77381958C52AE87'),
('C4961FA24BD94DF984295F067F62816D','BD05E23AE3E441499029DC336B447970','086F33002934452C8812F917DE58D345'),
('C9E4B8FD3BC64505A88AC278B84EC3CC','45372F2A975E48EE9FA91680D65743B1','23EE2133B4644BBE9863A318D54E63D8'),
('CA8E04ED792F47E792D30B1DD9CE6124','BD05E23AE3E441499029DC336B447970','D41D8377F68942EEA5072CDAA215D56'),
('CB3E31F690B14FCE98F14EEBDD4A7642','38A4F77E2DC0405EA1F8AC19FBE4F05D','BECF6C15E6A6495790D2209F5F4C8F22'),
('CE842E6BD65C49B6B8209C62E2E84EB6','C63BB170B64C40D08F4FB153C0487715','4131bd23b4b24d6d885944b5de78f271'),
('D1546D1C76D3496B9255CA31E7273EB1','C63BB170B64C40D08F4FB153C0487715','a5a601a086584d26b5d1075a9544161f'),
('D4BF8C6873A74F62AD540D9E09027541','5F1CBDC6E4D548FEAA9E107F0882392E','898CCCFED97941AC89E0DC15D89D9F77'),
('E0FED3DA8CE641E1BF8B1C4069A2BC57','F5896443E07149EEB9C68F48BE1A8386','E0363BA91F3D4BA0B8DB53BCC8A946D0'),
('E144244A77984D628BA09926E72CEA4D','B418B08FFF71424CB379F0935BBE5117','51408C8D5A0042D0B2477DA66E008677'),
('E4F8E581CB9447B98F51DD8ACC4D479E','45372F2A975E48EE9FA91680D65743B1','6901A74A031A4135A61FDC4A3B89247D'),
('EAA58BA1EBC541C2A3082AC9A5178F77','BD05E23AE3E441499029DC336B447970','D41D8377F68942EEA5172C49E908368D'),
('ECFACA8344294F6C87DAC473B0D3E501','38A4F77E2DC0405EA1F8AC19FBE4F05D','164CBFE44FA641BDAC6BEC89C41E8443'),
('EEADE5973B25477BB893D2CD9DD0E3C5','BD05E23AE3E441499029DC336B447970','D41D8377F68942EEA5072C49E908368F'),
('F3DAE8FCECE748AD9A68E7518533989E','BD05E23AE3E441499029DC336B447970','D41D8377F68942EEA5072C4965D8768E'),
('F4556415C09A47519A9C34DEDBD79978','D494FEA289034A9F88C960004B0E3084','e8e3356d2d48414592453e911bf61a09'),
('F86BF8CA49A84A7CAE6B97C826871971','BD05E23AE3E441499029DC336B447970','D41D8377F68942EEA5072C496523D822');

/*Table structure for table `oauth_role` */

DROP TABLE IF EXISTS `oauth_role`;

CREATE TABLE `oauth_role` (
  `role_id` varchar(32) NOT NULL COMMENT '角色权限id',
  `role_name` varchar(100) NOT NULL COMMENT '角色权限名称',
  `r_code` varchar(20) DEFAULT NULL COMMENT '角色编码',
  `role_desc` varchar(200) DEFAULT NULL COMMENT '角色权限描述',
  `role_type` tinyint(4) DEFAULT NULL COMMENT '类型0平台权限/1业务权限',
  `sysmode_id` varchar(32) DEFAULT NULL COMMENT '子系统id外键（即只有该系统下才能进行角色定义及授权）',
  `create_time` datetime DEFAULT NULL COMMENT '创建时间',
  `update_time` datetime DEFAULT NULL COMMENT '修改时间',
  `del_flag` int(2) DEFAULT NULL COMMENT '0未删除/1已删除',
  `create_id` varchar(32) DEFAULT NULL COMMENT '创建人id',
  `update_id` varchar(32) DEFAULT NULL COMMENT '修改人id',
  PRIMARY KEY (`role_id`)
) ENGINE=InnoDB DEFAULT CHARSET=utf8 COMMENT='授权中心角色模块';

/*Data for the table `oauth_role` */

insert  into `oauth_role`(`role_id`,`role_name`,`r_code`,`role_desc`,`role_type`,`sysmode_id`,`create_time`,`update_time`,`del_flag`,`create_id`,`update_id`) values 
('3787CE256D064961BABD20178A5F9441','调度中心管理员',NULL,'',1,'AE76B840FE154BAD8EF76651B642EB8B','2020-11-20 14:01:45',NULL,0,NULL,NULL),
('45372F2A975E48EE9FA91680D65743B1','运管平台维护组','OMP_1001','运管平台维护组',0,'E9FFF3DBED2B431D8ABA50BBD52EB71E','2022-07-01 13:53:36','2022-07-27 14:15:58',0,'06e4075e00a841c8a14fef92e0e007f6','06e4075e00a841c8a14fef92e0e007f6'),
('6BEDBD23A02345CBB1CA5BFFBD220FE5','系统组',NULL,'系统组',0,'AFD8BE4CCA1F4C5DBEDDAA8CB27A28CC','2021-09-17 13:18:23',NULL,0,NULL,NULL),
('BA751D67EDEE4C0FB187F70D42E7CBBA','授权中心测试F组','SQZXCS','',0,'67F41ABE532D4D71A454BE9FF3C479F9','2019-07-25 10:22:58','2022-04-09 12:36:01',0,NULL,'06e4075e00a841c8a14fef92e0e007f6'),
('C63BB170B64C40D08F4FB153C0487715','开发组',NULL,'sys_modules_mode',0,'AFD8BE4CCA1F4C5DBEDDAA8CB27A28CC','2019-08-22 17:33:20',NULL,0,NULL,NULL),
('D494FEA289034A9F88C960004B0E3084','授权中心测试用户',NULL,'',0,'67F41ABE532D4D71A454BE9FF3C479F9',NULL,'2019-07-23 10:38:20',0,NULL,NULL),
('E381967F7ED74927B1BEA38B39C2543D','文件中心',NULL,'文件中心',0,'F387BA1B512B4AFF85C610B1FA3019AA','2021-10-09 11:42:42',NULL,0,NULL,NULL),
('F5896443E07149EEB9C68F48BE1A8386','日志管理组',NULL,'日志管理组',0,'EC6095990B9A400B8D7EFBA2D6E078A7','2021-10-09 11:42:25',NULL,0,NULL,NULL);

/*Table structure for table `oauth_sys_mode` */

DROP TABLE IF EXISTS `oauth_sys_mode`;

CREATE TABLE `oauth_sys_mode` (
  `sys_mode_id` varchar(32) NOT NULL,
  `sysmode` varchar(100) DEFAULT NULL COMMENT '系统标记不可更改',
  `sysname` varchar(200) NOT NULL COMMENT '系统名称',
  `sys_mode_status` tinyint(4) NOT NULL COMMENT '状态正常/禁用',
  `key_info_id` varchar(32) DEFAULT NULL COMMENT '秘钥id外键',
  `sys_mode_url` varchar(255) DEFAULT NULL COMMENT '地址',
  `sys_mode_icon` varchar(255) DEFAULT NULL COMMENT '图标',
  `sort` int(2) DEFAULT '0' COMMENT '排序号',
  `create_time` datetime DEFAULT NULL COMMENT '创建日期',
  `update_time` datetime DEFAULT NULL COMMENT '最后修改日期',
  `create_id` varchar(32) DEFAULT NULL COMMENT '创建人id',
  `update_id` varchar(32) DEFAULT NULL COMMENT '修改人id',
  `del_flag` int(2) DEFAULT '0' COMMENT '删除标记：0正常1已删除',
  PRIMARY KEY (`sys_mode_id`)
) ENGINE=InnoDB DEFAULT CHARSET=utf8 COMMENT='授权中心子系统';

/*Data for the table `oauth_sys_mode` */

insert  into `oauth_sys_mode`(`sys_mode_id`,`sysmode`,`sysname`,`sys_mode_status`,`key_info_id`,`sys_mode_url`,`sys_mode_icon`,`sort`,`create_time`,`update_time`,`create_id`,`update_id`,`del_flag`) values 
('67F41ABE532D4D71A454BE9FF3C479F9','OAuthMode','授权中心',0,'753ED45D948D45F58E83537492633F8D','','la la-users',2,'2019-07-02 11:02:00','2022-01-26 16:46:13',NULL,'06e4075e00a841c8a14fef92e0e007f6',0),
('AE76B840FE154BAD8EF76651B642EB8B','JobMode','调度中心',0,'2C6F25A04F88413D8E78CEE8779D93FB','','la la-clock-o',4,NULL,'2021-11-01 13:30:20',NULL,NULL,0),
('AFD8BE4CCA1F4C5DBEDDAA8CB27A28CC','jEhcMode','系统平台',0,'3EB9B65D845F49E1AD311A26CE24ED2B','','la la-cogs',5,NULL,'2021-11-01 13:30:30',NULL,NULL,0),
('E9FFF3DBED2B431D8ABA50BBD52EB71E','OMP_KEY','运管平台',0,'8D1F8D87C70D4FC1AFE1E241B6067B2D','','fa fa-cogs',0,'2022-07-01 13:45:28','2022-07-27 14:14:16','06e4075e00a841c8a14fef92e0e007f6','06e4075e00a841c8a14fef92e0e007f6',0),
('EC6095990B9A400B8D7EFBA2D6E078A7','LOGMode','日志',0,'4A26064BDA984803889C800E77A391FB','','la la-legal',11,NULL,'2021-11-01 13:31:20',NULL,NULL,0),
('F387BA1B512B4AFF85C610B1FA3019AA','FileMode','文件',0,'E0CBCE8CBC5A456D82C9672DD6856187','','la la-map-signs',12,NULL,'2021-11-01 13:31:26',NULL,NULL,0);

/*Table structure for table `oauth_sys_modules` */

DROP TABLE IF EXISTS `oauth_sys_modules`;

CREATE TABLE `oauth_sys_modules` (
  `sys_modules_id` varchar(32) NOT NULL,
  `sys_modules_name` varchar(200) NOT NULL COMMENT '模块名',
  `sys_modules_mode` varchar(100) DEFAULT NULL COMMENT '模块标记不可修改',
  `sys_modules_status` tinyint(4) DEFAULT NULL COMMENT '状态',
  `sysmode_id` varchar(32) DEFAULT NULL COMMENT '子系统id外键',
  `keyid` varchar(255) NOT NULL,
  `create_time` datetime DEFAULT NULL COMMENT '创建日期',
  `update_time` datetime DEFAULT NULL COMMENT '最后修改日期',
  `create_id` varchar(32) DEFAULT NULL COMMENT '创建人id',
  `update_id` varchar(32) DEFAULT NULL COMMENT '修改人id',
  `del_flag` int(2) DEFAULT '0' COMMENT '删除标记：0正常1已删除',
  PRIMARY KEY (`sys_modules_id`)
) ENGINE=InnoDB DEFAULT CHARSET=utf8 COMMENT='授权中心子系统模块';

/*Data for the table `oauth_sys_modules` */

insert  into `oauth_sys_modules`(`sys_modules_id`,`sys_modules_name`,`sys_modules_mode`,`sys_modules_status`,`sysmode_id`,`keyid`,`create_time`,`update_time`,`create_id`,`update_id`,`del_flag`) values 
('003737BB1D49428481C75C20F8F28625','日志中心','LOGMode',0,'EC6095990B9A400B8D7EFBA2D6E078A7','LOGMode','2021-10-09 11:32:07','2022-01-26 14:51:51','06e4075e00a841c8a14fef92e0e007f6','06e4075e00a841c8a14fef92e0e007f6',0),
('0BFBC394EABC4F1F90E5BDF969ED883A','文件中心','FileMode',0,'F387BA1B512B4AFF85C610B1FA3019AA','FileMode','2021-10-09 11:32:34',NULL,'06e4075e00a841c8a14fef92e0e007f6','06e4075e00a841c8a14fef92e0e007f6',0),
('3B0F45D61DBD4CEEB4F94CF8551C3EC0','运管平台','OMP_KEY',0,'E9FFF3DBED2B431D8ABA50BBD52EB71E','OMP_KEY','2022-07-01 13:48:36','2022-07-27 14:13:24','06e4075e00a841c8a14fef92e0e007f6','06e4075e00a841c8a14fef92e0e007f6',0),
('572E71C2F521489B8C007CE6962997F3','调度中心','SCHEDULER_MODE',0,'AE76B840FE154BAD8EF76651B642EB8B','SCHEDULER_MODE',NULL,'2019-07-02 11:09:32','06e4075e00a841c8a14fef92e0e007f6','06e4075e00a841c8a14fef92e0e007f6',0),
('6','平台中心','jEhcModule',0,'AFD8BE4CCA1F4C5DBEDDAA8CB27A28CC','jEhcModule','2019-07-01 11:09:48','2019-07-02 11:09:34','06e4075e00a841c8a14fef92e0e007f6','06e4075e00a841c8a14fef92e0e007f6',0),
('7','平台开发者模式','jEhcDevModule',0,'AFD8BE4CCA1F4C5DBEDDAA8CB27A28CC','jEhcDevModule','2019-07-01 11:09:51','2019-07-02 11:09:36','06e4075e00a841c8a14fef92e0e007f6','06e4075e00a841c8a14fef92e0e007f6',0),
('744CF21BC9CE4B7FBE855C94F8EEF734','授权中心','OAUTH_MODE',0,'67F41ABE532D4D71A454BE9FF3C479F9','OAUTH_MODE','2019-07-02 11:09:55','2019-07-02 11:09:39','06e4075e00a841c8a14fef92e0e007f6','06e4075e00a841c8a14fef92e0e007f6',0);

/*!40101 SET SQL_MODE=@OLD_SQL_MODE */;
/*!40014 SET FOREIGN_KEY_CHECKS=@OLD_FOREIGN_KEY_CHECKS */;
/*!40014 SET UNIQUE_CHECKS=@OLD_UNIQUE_CHECKS */;
/*!40111 SET SQL_NOTES=@OLD_SQL_NOTES */;
